SUPPLIER-F;RUT-F;CONTRACT;INVOICE-F;DOCUMENT TYPE;RELATION;CLAUSE;;
IDOM CONSULTING, ENGINEERING, ARCHITECTURE S.A AGENCIA EN CHILE;59171740;DEV-IDOM-2022-001;3076;;;;;
IDOM CONSULTING, ENGINEERING, ARCHITECTURE S.A AGENCIA EN CHILE;59171740;DEV-IDOM-2022-001;3077;;;;;
CHINA RAILWAY CONSTRUCCION CORPORATION (INTERNATIONAL) LIMITED;59296220;CON-CRCC-2021-001;3;;;;;
CHINA RAILWAY CONSTRUCCION CORPORATION (INTERNATIONAL) LIMITED;59296220;CON-CRCC-2021-001;4;;;;;
CHINA RAILWAY CONSTRUCCION CORPORATION (INTERNATIONAL) LIMITED;59296220;CON-CRCC-2021-001;5;;;;;
CHINA RAILWAY CONSTRUCCION CORPORATION (INTERNATIONAL) LIMITED;59296220;CON-CRCC-2021-001;6;;;;;
CHINA RAILWAY CONSTRUCCION CORPORATION (INTERNATIONAL) LIMITED;59296220;CON-CRCC-2021-001;7;;;;;
CHINA RAILWAY CONSTRUCCION CORPORATION (INTERNATIONAL) LIMITED;59296220;CON-CRCC-2022-002;8;;;;;
CHINA RAILWAY CONSTRUCCION CORPORATION (INTERNATIONAL) LIMITED;59296220;CON-CRCC-2021-001;8;;;;;
CHINA RAILWAY CONSTRUCCION CORPORATION (INTERNATIONAL) LIMITED;59296220;CON-CRCC-2022-002;9;;;;;
CHINA RAILWAY CONSTRUCCION CORPORATION (INTERNATIONAL) LIMITED;59296220;CON-CRCC-2021-001;9;;;;;
CHINA RAILWAY CONSTRUCCION CORPORATION (INTERNATIONAL) LIMITED;59296220;CON-CRCC-2022-002;10;;;;;
CHINA RAILWAY CONSTRUCCION CORPORATION (INTERNATIONAL) LIMITED;59296220;CON-CRCC-2021-001;10;;;;;
CHINA RAILWAY CONSTRUCCION CORPORATION (INTERNATIONAL) LIMITED;59296220;CON-CRCC-2021-001;11;;;;;
CHINA RAILWAY CONSTRUCCION CORPORATION (INTERNATIONAL) LIMITED;59296220;CON-CRCC-2021-001;12;;;;;
CHINA RAILWAY CONSTRUCCION CORPORATION (INTERNATIONAL) LIMITED;59296220;CON-CRCC-2022-002;12;;;;;
CHINA RAILWAY CONSTRUCCION CORPORATION (INTERNATIONAL) LIMITED;59296220;CON-CRCC-2022-002;14;;;;;
CHINA RAILWAY CONSTRUCCION CORPORATION (INTERNATIONAL) LIMITED;59296220;CON-CRCC-2021-001;15;;;;;
CHINA RAILWAY CONSTRUCCION CORPORATION (INTERNATIONAL) LIMITED;59296220;CON-CRCC-2021-001;17;;;;;
CHINA RAILWAY CONSTRUCCION CORPORATION (INTERNATIONAL) LIMITED;59296220;CON-CRCC-2021-001;18;;;;;
CHINA RAILWAY CONSTRUCCION CORPORATION (INTERNATIONAL) LIMITED;59296220;CON-CRCC-2021-001;19;;;;;
CHINA RAILWAY CONSTRUCCION CORPORATION (INTERNATIONAL) LIMITED;59296220;CON-CRCC-2021-001;20;;;;;
CHINA RAILWAY CONSTRUCCION CORPORATION (INTERNATIONAL) LIMITED;59296220;CON-CRCC-2022-002;23;;;;;
CHINA RAILWAY CONSTRUCCION CORPORATION (INTERNATIONAL) LIMITED;59296220;CON-CRCC-2022-003;24;;;;;
CHINA RAILWAY CONSTRUCCION CORPORATION (INTERNATIONAL) LIMITED;59296220;CON-CRCC-2022-002;25;;;;;
CHINA RAILWAY CONSTRUCCION CORPORATION (INTERNATIONAL) LIMITED;59296220;CON-CRCC-2022-002;25;;;;;
CHINA RAILWAY CONSTRUCCION CORPORATION (INTERNATIONAL) LIMITED;59296220;CON-CRCC-2022-002;26;;;;;
CHINA RAILWAY CONSTRUCCION CORPORATION (INTERNATIONAL) LIMITED;59296220;CON-CRCC-2022-002;27;;;;;
CHINA RAILWAY CONSTRUCCION CORPORATION (INTERNATIONAL) LIMITED;59296220;CON-CRCC-2022-002;27;;;;;
CHINA RAILWAY CONSTRUCCION CORPORATION (INTERNATIONAL) LIMITED;59296220;CON-CRCC-2022-002;28;;;;;
CHINA RAILWAY CONSTRUCCION CORPORATION (INTERNATIONAL) LIMITED;59296220;CON-CRCC-2022-002;29;;;;;
CHINA RAILWAY CONSTRUCCION CORPORATION (INTERNATIONAL) LIMITED;59296220;CON-CRCC-2022-003;32;;;;;
CHINA RAILWAY CONSTRUCCION CORPORATION (INTERNATIONAL) LIMITED;59296220;CON-CRCC-2022-003;33;;;;;
CHINA RAILWAY CONSTRUCCION CORPORATION (INTERNATIONAL) LIMITED;59296220;CON-CRCC-2022-003;35;;;;;
CHINA RAILWAY CONSTRUCCION CORPORATION (INTERNATIONAL) LIMITED;59296220;CON-CRCC-2022-002;37;;;;;
CHINA RAILWAY CONSTRUCCION CORPORATION (INTERNATIONAL) LIMITED;59296220;CON-CRCC-2022-002;42;;;;;
CHINA RAILWAY CONSTRUCCION CORPORATION (INTERNATIONAL) LIMITED;59296220;CON-CRCC-2022-002;43;;;;;
CHINA RAILWAY CONSTRUCCION CORPORATION (INTERNATIONAL) LIMITED;59296220;CON-CRCC-2021-001;47;;;;;
CHINA RAILWAY CONSTRUCCION CORPORATION (INTERNATIONAL) LIMITED;59296220;CON-CRCC-2021-001;50;;;;;
CHINA RAILWAY CONSTRUCCION CORPORATION (INTERNATIONAL) LIMITED;59296220;CON-CRCC-2021-001;51;;;;;
CHINA RAILWAY CONSTRUCCION CORPORATION (INTERNATIONAL) LIMITED;59296220;CON-CRCC-2022-002;53;;;;;
CHINA RAILWAY CONSTRUCCION CORPORATION (INTERNATIONAL) LIMITED;59296220;CON-CRCC-2021-001;54;;;;;
CHINA RAILWAY CONSTRUCCION CORPORATION (INTERNATIONAL) LIMITED;59296220;CON-CRCC-2021-001;58;;;;;
CHINA RAILWAY CONSTRUCCION CORPORATION (INTERNATIONAL) LIMITED;59296220;CON-CRCC-2021-001;75;;;;;
CHINA RAILWAY CONSTRUCCION CORPORATION (INTERNATIONAL) LIMITED;59296220;CON-CRCC-2021-001;85;;;;;
CHINA RAILWAY CONSTRUCCION CORPORATION (INTERNATIONAL) LIMITED;59296220;CON-CRCC-2021-001;118;;;;;
CHINA RAILWAY CONSTRUCCION CORPORATION (INTERNATIONAL) LIMITED;59296220;CON-CRCC-2022-002;122;;;;;
CHINA RAILWAY CONSTRUCCION CORPORATION (INTERNATIONAL) LIMITED;59296220;CON-CRCC-2022-002;123;;;;;
CHINA RAILWAY CONSTRUCCION CORPORATION (INTERNATIONAL) LIMITED;59296220;CON-CRCC-2022-002;124;;;;;
CHINA RAILWAY CONSTRUCCION CORPORATION (INTERNATIONAL) LIMITED;59296220;CON-CRCC-2021-001;125;;;;;
CHINA RAILWAY CONSTRUCCION CORPORATION (INTERNATIONAL) LIMITED;59296220;CON-CRCC-2022-002;132;;;;;
CHINA RAILWAY CONSTRUCCION CORPORATION (INTERNATIONAL) LIMITED;59296220;CON-CRCC-2022-002;151;;;;;
CHINA RAILWAY CONSTRUCCION CORPORATION (INTERNATIONAL) LIMITED;59296220;CON-CRCC-2021-001;152;;;;;
CHINA RAILWAY CONSTRUCCION CORPORATION (INTERNATIONAL) LIMITED;59296220;No Contract;158;;;;;
CHINA RAILWAY CONSTRUCCION CORPORATION (INTERNATIONAL) LIMITED;59296220;CON-CRCC-2021-001;166;;;;;
CHINA RAILWAY CONSTRUCCION CORPORATION (INTERNATIONAL) LIMITED;59296220;CON-CRCC-2021-001;183;;;;;
CHINA RAILWAY CONSTRUCCION CORPORATION (INTERNATIONAL) LIMITED;59296220;No Contract;195;;;;;
CHINA RAILWAY CONSTRUCCION CORPORATION (INTERNATIONAL) LIMITED;59296220;CON-CRCC-2021-001;199;;;;;
CHINA RAILWAY CONSTRUCCION CORPORATION (INTERNATIONAL) LIMITED;59296220;CON-CRCC-2021-001;217;;;;;
CHINA RAILWAY CONSTRUCCION CORPORATION (INTERNATIONAL) LIMITED;59296220;No Contract;219;;;;;
RCM MODULAR CHILE S.A;76207287;No Contract;1261;;;;;
RCM MODULAR CHILE S.A;76207287;No Contract;1295;;;;;
RCM MODULAR CHILE S.A;76207287;No Contract;1326;;;;;
AP ECOLOGY SPA;76263385;DEV-APEC-2022-001;487;;CON;;;
AP ECOLOGY SPA;76263385;DEV-APEC-2022-001;532;;CON;;;
AP ECOLOGY SPA;76263385;DEV-APEC-2022-001;633;;CON;;;
AP ECOLOGY SPA;76263385;DEV-APEC-2022-001;647;;AD3;;;
ALPHA INGENIEROS CONSULTORES SPA;76545731;DES-ALPH-2023-001;14;;CON;;;
ALPHA INGENIEROS CONSULTORES SPA;76545731;DES-ALPH-2023-001;18;;CON;;;
ALPHA INGENIEROS CONSULTORES SPA;76545731;DES-ALPH-2023-001;20;;CON;;;
ALPHA INGENIEROS CONSULTORES SPA;76545731;DES-ALPH-2023-001;27;;CON;;;
ALPHA INGENIEROS CONSULTORES SPA;76545731;DES-ALPH-2023-001;29;;CON;;;
ALPHA INGENIEROS CONSULTORES SPA;76545731;DES-ALPH-2023-001;32;;AD1;;;
ALPHA INGENIEROS CONSULTORES SPA;76545731;DES-ALPH-2023-001;42;;AD2;;;
INGENIERIA CALCULO Y CONSTRUCCION JLS INGENIERIA LIMITADA;76736320;DES-JLSS-2023-001;764;;;;;
INGENIERIA CALCULO Y CONSTRUCCION JLS INGENIERIA LIMITADA;76736320;DES-JLSS-2023-001;774;;;;;
INGENIERIA CALCULO Y CONSTRUCCION JLS INGENIERIA LIMITADA;76736320;DES-JLSS-2023-001;784;;;;;
INGENIERIA CALCULO Y CONSTRUCCION JLS INGENIERIA LIMITADA;76736320;DES-JLSS-2023-001;793;;;;;
INGENIERIA CALCULO Y CONSTRUCCION JLS INGENIERIA LIMITADA;76736320;DES-JLSS-2023-001;808;;;;;
INGENIERIA CALCULO Y CONSTRUCCION JLS INGENIERIA LIMITADA;76736320;DES-JLSS-2023-001;818;;;;;
INGENIERIA CALCULO Y CONSTRUCCION JLS INGENIERIA LIMITADA;76736320;DES-JLSS-2023-001;823;;;;;
CONSULTORA DANIEL MAURICIO ULLOA ILUFFÍ EMPRESA INDIVIDUAL DE RESPONSABILIDAD;77128918;DEV-ILUF-2021-001;31;;CON;;;
CONSULTORA DANIEL MAURICIO ULLOA ILUFFÍ EMPRESA INDIVIDUAL DE RESPONSABILIDAD;77128918;DEV-ILUF-2021-001;33;;CON;;;
CONSULTORA DANIEL MAURICIO ULLOA ILUFFÍ EMPRESA INDIVIDUAL DE RESPONSABILIDAD;77128918;DEV-ILUF-2021-001;35;;CON;;;
CONSULTORA DANIEL MAURICIO ULLOA ILUFFÍ EMPRESA INDIVIDUAL DE RESPONSABILIDAD;77128918;DEV-ILUF-2021-001;37;;CON;;;
CONSULTORA DANIEL MAURICIO ULLOA ILUFFÍ EMPRESA INDIVIDUAL DE RESPONSABILIDAD;77128918;DEV-ILUF-2021-001;38;;CON;;;
CONSULTORA DANIEL MAURICIO ULLOA ILUFFÍ EMPRESA INDIVIDUAL DE RESPONSABILIDAD;77128918;DEV-ILUF-2021-001;42;;CON;;;
CONSULTORA DANIEL MAURICIO ULLOA ILUFFÍ EMPRESA INDIVIDUAL DE RESPONSABILIDAD;77128918;DEV-ILUF-2021-001;44;;CON;;;
CONSULTORA DANIEL MAURICIO ULLOA ILUFFÍ EMPRESA INDIVIDUAL DE RESPONSABILIDAD;77128918;DEV-ILUF-2021-001;47;;CON;;;
CONSULTORA DANIEL MAURICIO ULLOA ILUFFÍ EMPRESA INDIVIDUAL DE RESPONSABILIDAD;77128918;DEV-ILUF-2021-001;48;;CON;;;
CONSULTORA DANIEL MAURICIO ULLOA ILUFFÍ EMPRESA INDIVIDUAL DE RESPONSABILIDAD;77128918;DEV-ILUF-2021-001;50;;CON;;;
CONSULTORA DANIEL MAURICIO ULLOA ILUFFÍ EMPRESA INDIVIDUAL DE RESPONSABILIDAD;77128918;DEV-ILUF-2021-001;51;;CON;;;
CONSULTORA DANIEL MAURICIO ULLOA ILUFFÍ EMPRESA INDIVIDUAL DE RESPONSABILIDAD;77128918;DEV-ILUF-2021-001;52;;CON;;;
CONSULTORA DANIEL MAURICIO ULLOA ILUFFÍ EMPRESA INDIVIDUAL DE RESPONSABILIDAD;77128918;DEV-ILUF-2021-001;53;;CON;;;
CONSULTORA DANIEL MAURICIO ULLOA ILUFFÍ EMPRESA INDIVIDUAL DE RESPONSABILIDAD;77128918;DEV-ILUF-2022-002;54;;CON;;;
CONSULTORA DANIEL MAURICIO ULLOA ILUFFÍ EMPRESA INDIVIDUAL DE RESPONSABILIDAD;77128918;DEV-ILUF-2021-001;56;;CON;;;
CONSULTORA DANIEL MAURICIO ULLOA ILUFFÍ EMPRESA INDIVIDUAL DE RESPONSABILIDAD;77128918;DEV-ILUF-2021-001;57;;CON;;;
CONSULTORA DANIEL MAURICIO ULLOA ILUFFÍ EMPRESA INDIVIDUAL DE RESPONSABILIDAD;77128918;DEV-ILUF-2021-001;58;;CON;;;
CONSULTORA DANIEL MAURICIO ULLOA ILUFFÍ EMPRESA INDIVIDUAL DE RESPONSABILIDAD;77128918;DEV-ILUF-2022-002;60;;CON;;;
CONSULTORA DANIEL MAURICIO ULLOA ILUFFÍ EMPRESA INDIVIDUAL DE RESPONSABILIDAD;77128918;DEV-ILUF-2021-001;67;;CON;;;
CONSULTORA DANIEL MAURICIO ULLOA ILUFFÍ EMPRESA INDIVIDUAL DE RESPONSABILIDAD;77128918;DEV-ILUF-2021-001;69;;CON;;;
CONSULTORA DANIEL MAURICIO ULLOA ILUFFÍ EMPRESA INDIVIDUAL DE RESPONSABILIDAD;77128918;DEV-ILUF-2021-001;72;;CON;;;
CONSULTORA DANIEL MAURICIO ULLOA ILUFFÍ EMPRESA INDIVIDUAL DE RESPONSABILIDAD;77128918;DEV-ILUF-2021-001;73;;CON;;;
CONSULTORA DANIEL MAURICIO ULLOA ILUFFÍ EMPRESA INDIVIDUAL DE RESPONSABILIDAD;77128918;DEV-ILUF-2021-001;75;;CON;;;
CONSULTORA DANIEL MAURICIO ULLOA ILUFFÍ EMPRESA INDIVIDUAL DE RESPONSABILIDAD;77128918;DEV-ILUF-2021-001;76;;CON;;;
CONSULTORA DANIEL MAURICIO ULLOA ILUFFÍ EMPRESA INDIVIDUAL DE RESPONSABILIDAD;77128918;DEV-ILUF-2021-001;78;;CON;;;
CONSULTORA DANIEL MAURICIO ULLOA ILUFFÍ EMPRESA INDIVIDUAL DE RESPONSABILIDAD;77128918;DEV-ILUF-2021-001;79;;CON;;;
CONSULTORA DANIEL MAURICIO ULLOA ILUFFÍ EMPRESA INDIVIDUAL DE RESPONSABILIDAD;77128918;DEV-ILUF-2021-001;82;;CON;;;
CONSULTORA DANIEL MAURICIO ULLOA ILUFFÍ EMPRESA INDIVIDUAL DE RESPONSABILIDAD;77128918;DEV-ILUF-2021-001;83;;CON;;;
CONSULTORA DANIEL MAURICIO ULLOA ILUFFÍ EMPRESA INDIVIDUAL DE RESPONSABILIDAD;77128918;DEV-ILUF-2022-002;84;;CON;;;
CONSULTORA DANIEL MAURICIO ULLOA ILUFFÍ EMPRESA INDIVIDUAL DE RESPONSABILIDAD;77128918;DEV-ILUF-2021-001;85;;CON;;;
CONSULTORA DANIEL MAURICIO ULLOA ILUFFÍ EMPRESA INDIVIDUAL DE RESPONSABILIDAD;77128918;DEV-ILUF-2021-001;87;;CON;;;
CONSULTORA DANIEL MAURICIO ULLOA ILUFFÍ EMPRESA INDIVIDUAL DE RESPONSABILIDAD;77128918;DEV-ILUF-2021-001;88;;CON;;;
CONSULTORA DANIEL MAURICIO ULLOA ILUFFÍ EMPRESA INDIVIDUAL DE RESPONSABILIDAD;77128918;DEV-ILUF-2021-001;89;;CON;;;
CONSULTORA DANIEL MAURICIO ULLOA ILUFFÍ EMPRESA INDIVIDUAL DE RESPONSABILIDAD;77128918;DEV-ILUF-2021-001;90;;CON;;;
CONSULTORA DANIEL MAURICIO ULLOA ILUFFÍ EMPRESA INDIVIDUAL DE RESPONSABILIDAD;77128918;DEV-ILUF-2022-003;91;;CON;;;
CONSULTORA DANIEL MAURICIO ULLOA ILUFFÍ EMPRESA INDIVIDUAL DE RESPONSABILIDAD;77128918;DEV-ILUF-2021-001;92;;CON;;;
CONSULTORA DANIEL MAURICIO ULLOA ILUFFÍ EMPRESA INDIVIDUAL DE RESPONSABILIDAD;77128918;DEV-ILUF-2021-001;94;;CON;;;
CONSULTORA DANIEL MAURICIO ULLOA ILUFFÍ EMPRESA INDIVIDUAL DE RESPONSABILIDAD;77128918;DEV-ILUF-2022-003;95;;CON;;;
CONSULTORA DANIEL MAURICIO ULLOA ILUFFÍ EMPRESA INDIVIDUAL DE RESPONSABILIDAD;77128918;DEV-ILUF-2022-003;96;;CON;;;
CONSULTORA DANIEL MAURICIO ULLOA ILUFFÍ EMPRESA INDIVIDUAL DE RESPONSABILIDAD;77128918;DEV-ILUF-2021-001;97;;CON;;;
CONSULTORA DANIEL MAURICIO ULLOA ILUFFÍ EMPRESA INDIVIDUAL DE RESPONSABILIDAD;77128918;DEV-ILUF-2021-001;98;;CON;;;
CONSULTORA DANIEL MAURICIO ULLOA ILUFFÍ EMPRESA INDIVIDUAL DE RESPONSABILIDAD;77128918;DEV-ILUF-2022-003;100;;CON;;;
CONSULTORA DANIEL MAURICIO ULLOA ILUFFÍ EMPRESA INDIVIDUAL DE RESPONSABILIDAD;77128918;DEV-ILUF-2022-003;99;;CON;;;
CONSULTORA DANIEL MAURICIO ULLOA ILUFFÍ EMPRESA INDIVIDUAL DE RESPONSABILIDAD;77128918;DEV-ILUF-2021-001;101;;CON;;;
CONSULTORA DANIEL MAURICIO ULLOA ILUFFÍ EMPRESA INDIVIDUAL DE RESPONSABILIDAD;77128918;DEV-ILUF-2021-001;102;;CON;;;
CONSULTORA DANIEL MAURICIO ULLOA ILUFFÍ EMPRESA INDIVIDUAL DE RESPONSABILIDAD;77128918;DEV-ILUF-2022-003;103;;CON;;;
CONSULTORA DANIEL MAURICIO ULLOA ILUFFÍ EMPRESA INDIVIDUAL DE RESPONSABILIDAD;77128918;DEV-ILUF-2022-003;104;;CON;;;
CONSULTORA DANIEL MAURICIO ULLOA ILUFFÍ EMPRESA INDIVIDUAL DE RESPONSABILIDAD;77128918;DEV-ILUF-2021-001;105;;CON;;;
CONSULTORA DANIEL MAURICIO ULLOA ILUFFÍ EMPRESA INDIVIDUAL DE RESPONSABILIDAD;77128918;DEV-ILUF-2021-001;106;;CON;;;
CONSULTORA DANIEL MAURICIO ULLOA ILUFFÍ EMPRESA INDIVIDUAL DE RESPONSABILIDAD;77128918;DEV-ILUF-2022-003;107;;CON;;;
CONSULTORA DANIEL MAURICIO ULLOA ILUFFÍ EMPRESA INDIVIDUAL DE RESPONSABILIDAD;77128918;DEV-ILUF-2021-001;110;;CON;;;
CONSULTORA DANIEL MAURICIO ULLOA ILUFFÍ EMPRESA INDIVIDUAL DE RESPONSABILIDAD;77128918;DEV-ILUF-2021-001;112;;CON;;;
CONSULTORA DANIEL MAURICIO ULLOA ILUFFÍ EMPRESA INDIVIDUAL DE RESPONSABILIDAD;77128918;DEV-ILUF-2022-003;113;;CON;;;
CONSULTORA DANIEL MAURICIO ULLOA ILUFFÍ EMPRESA INDIVIDUAL DE RESPONSABILIDAD;77128918;DEV-ILUF-2022-003;114;;CON;;;
CONSULTORA DANIEL MAURICIO ULLOA ILUFFÍ EMPRESA INDIVIDUAL DE RESPONSABILIDAD;77128918;DEV-ILUF-2021-001;115;;CON;;;
CONSULTORA DANIEL MAURICIO ULLOA ILUFFÍ EMPRESA INDIVIDUAL DE RESPONSABILIDAD;77128918;DEV-ILUF-2021-001;116;;CON;;;
CONSULTORA DANIEL MAURICIO ULLOA ILUFFÍ EMPRESA INDIVIDUAL DE RESPONSABILIDAD;77128918;DEV-ILUF-2022-003;117;;CON;;;
CONSULTORA DANIEL MAURICIO ULLOA ILUFFÍ EMPRESA INDIVIDUAL DE RESPONSABILIDAD;77128918;DEV-ILUF-2021-001;118;;CON;;;
CONSULTORA DANIEL MAURICIO ULLOA ILUFFÍ EMPRESA INDIVIDUAL DE RESPONSABILIDAD;77128918;DEV-ILUF-2021-001;119;;CON;;;
CONSULTORA DANIEL MAURICIO ULLOA ILUFFÍ EMPRESA INDIVIDUAL DE RESPONSABILIDAD;77128918;DEV-ILUF-2021-001;120;;CON;;;
CONSULTORA DANIEL MAURICIO ULLOA ILUFFÍ EMPRESA INDIVIDUAL DE RESPONSABILIDAD;77128918;DEV-ILUF-2021-001;121;;CON;;;
CONSULTORA DANIEL MAURICIO ULLOA ILUFFÍ EMPRESA INDIVIDUAL DE RESPONSABILIDAD;77128918;DEV-ILUF-2021-001;122;;CON;;;
CONSULTORA DANIEL MAURICIO ULLOA ILUFFÍ EMPRESA INDIVIDUAL DE RESPONSABILIDAD;77128918;DEV-ILUF-2021-001;123;;CON;;;
CONSULTORA DANIEL MAURICIO ULLOA ILUFFÍ EMPRESA INDIVIDUAL DE RESPONSABILIDAD;77128918;DEV-ILUF-2021-001;124;;CON;;;
CONSULTORA DANIEL MAURICIO ULLOA ILUFFÍ EMPRESA INDIVIDUAL DE RESPONSABILIDAD;77128918;DEV-ILUF-2021-001;125;;CON;;;
CONSULTORA DANIEL MAURICIO ULLOA ILUFFÍ EMPRESA INDIVIDUAL DE RESPONSABILIDAD;77128918;DEV-ILUF-2021-001;126;;CON;;;
CONSULTORA DANIEL MAURICIO ULLOA ILUFFÍ EMPRESA INDIVIDUAL DE RESPONSABILIDAD;77128918;DEV-ILUF-2021-001;127;;CON;;;
CONSULTORA DANIEL MAURICIO ULLOA ILUFFÍ EMPRESA INDIVIDUAL DE RESPONSABILIDAD;77128918;DEV-ILUF-2021-001;128;;CON;;;
CONSULTORA DANIEL MAURICIO ULLOA ILUFFÍ EMPRESA INDIVIDUAL DE RESPONSABILIDAD;77128918;DEV-ILUF-2021-001;129;;CON;;;
CONSULTORA DANIEL MAURICIO ULLOA ILUFFÍ EMPRESA INDIVIDUAL DE RESPONSABILIDAD;77128918;DEV-ILUF-2021-001;130;;CON;;;
CONSULTORA DANIEL MAURICIO ULLOA ILUFFÍ EMPRESA INDIVIDUAL DE RESPONSABILIDAD;77128918;DEV-ILUF-2021-001;131;;CON;;;
CONSULTORA DANIEL MAURICIO ULLOA ILUFFÍ EMPRESA INDIVIDUAL DE RESPONSABILIDAD;77128918;DEV-ILUF-2021-001;132;;CON;;;
CONSULTORA DANIEL MAURICIO ULLOA ILUFFÍ EMPRESA INDIVIDUAL DE RESPONSABILIDAD;77128918;DEV-ILUF-2021-001;133;;CON;;;
CONSULTORA DANIEL MAURICIO ULLOA ILUFFÍ EMPRESA INDIVIDUAL DE RESPONSABILIDAD;77128918;DEV-ILUF-2021-001;135;;CON;;;
CONSULTORA DANIEL MAURICIO ULLOA ILUFFÍ EMPRESA INDIVIDUAL DE RESPONSABILIDAD;77128918;DEV-ILUF-2021-001;136;;CON;;;
CONSULTORA DANIEL MAURICIO ULLOA ILUFFÍ EMPRESA INDIVIDUAL DE RESPONSABILIDAD;77128918;DEV-ILUF-2021-001;138;;CON;;;
CONSULTORA DANIEL MAURICIO ULLOA ILUFFÍ EMPRESA INDIVIDUAL DE RESPONSABILIDAD;77128918;DEV-ILUF-2021-001;139;;CON;;;
CONSULTORA DANIEL MAURICIO ULLOA ILUFFÍ EMPRESA INDIVIDUAL DE RESPONSABILIDAD;77128918;PO94;140;;PO;;;
CONSULTORA DANIEL MAURICIO ULLOA ILUFFÍ EMPRESA INDIVIDUAL DE RESPONSABILIDAD;77128918;DEV-ILUF-2021-001;141;;CON;;;
CONSULTORA DANIEL MAURICIO ULLOA ILUFFÍ EMPRESA INDIVIDUAL DE RESPONSABILIDAD;77128918;DEV-ILUF-2021-001;142;;CON;;;
CONSULTORA DANIEL MAURICIO ULLOA ILUFFÍ EMPRESA INDIVIDUAL DE RESPONSABILIDAD;77128918;DEV-ILUF-2021-001;143;;CON;;;
CONSULTORA DANIEL MAURICIO ULLOA ILUFFÍ EMPRESA INDIVIDUAL DE RESPONSABILIDAD;77128918;DEV-ILUF-2021-001;144;;CON;;;
CONSULTORA DANIEL MAURICIO ULLOA ILUFFÍ EMPRESA INDIVIDUAL DE RESPONSABILIDAD;77128918;DEV-ILUF-2021-001;145;;CON;;;
CONSULTORA DANIEL MAURICIO ULLOA ILUFFÍ EMPRESA INDIVIDUAL DE RESPONSABILIDAD;77128918;DEV-ILUF-2021-001;146;;CON;;;
CONSULTORA DANIEL MAURICIO ULLOA ILUFFÍ EMPRESA INDIVIDUAL DE RESPONSABILIDAD;77128918;DEV-ILUF-2021-001;147;;CON;;;
CONSULTORA DANIEL MAURICIO ULLOA ILUFFÍ EMPRESA INDIVIDUAL DE RESPONSABILIDAD;77128918;DEV-ILUF-2021-001;148;;CON;;;
CONSULTORA DANIEL MAURICIO ULLOA ILUFFÍ EMPRESA INDIVIDUAL DE RESPONSABILIDAD;77128918;DEV-ILUF-2022-002;149;;CON;;;
CONSULTORA DANIEL MAURICIO ULLOA ILUFFÍ EMPRESA INDIVIDUAL DE RESPONSABILIDAD;77128918;DEV-ILUF-2021-001;151;;CON;;;
CONSULTORA DANIEL MAURICIO ULLOA ILUFFÍ EMPRESA INDIVIDUAL DE RESPONSABILIDAD;77128918;DEV-ILUF-2021-001;152;;CON;;;
CONSULTORA DANIEL MAURICIO ULLOA ILUFFÍ EMPRESA INDIVIDUAL DE RESPONSABILIDAD;77128918;DEV-ILUF-2022-002;153;;CON;;;
CONSULTORA DANIEL MAURICIO ULLOA ILUFFÍ EMPRESA INDIVIDUAL DE RESPONSABILIDAD;77128918;DEV-ILUF-2021-001;155;;CON;;;
CONSULTORA DANIEL MAURICIO ULLOA ILUFFÍ EMPRESA INDIVIDUAL DE RESPONSABILIDAD;77128918;DEV-ILUF-2021-001;156;;CON;;;
CONSULTORA DANIEL MAURICIO ULLOA ILUFFÍ EMPRESA INDIVIDUAL DE RESPONSABILIDAD;77128918;DEV-ILUF-2021-001;158;;CON;;;
CONSULTORA DANIEL MAURICIO ULLOA ILUFFÍ EMPRESA INDIVIDUAL DE RESPONSABILIDAD;77128918;DEV-ILUF-2021-001;159;;CON;;;
CONSULTORA DANIEL MAURICIO ULLOA ILUFFÍ EMPRESA INDIVIDUAL DE RESPONSABILIDAD;77128918;DEV-ILUF-2022-003;160;;CON;;;
CONSULTORA DANIEL MAURICIO ULLOA ILUFFÍ EMPRESA INDIVIDUAL DE RESPONSABILIDAD;77128918;DEV-ILUF-2022-003;161;;CON;;;
CONSULTORA DANIEL MAURICIO ULLOA ILUFFÍ EMPRESA INDIVIDUAL DE RESPONSABILIDAD;77128918;DEV-ILUF-2022-003;162;;CON;;;
CONSULTORA DANIEL MAURICIO ULLOA ILUFFÍ EMPRESA INDIVIDUAL DE RESPONSABILIDAD;77128918;DEV-ILUF-2022-003;163;;CON;;;
CONSULTORA DANIEL MAURICIO ULLOA ILUFFÍ EMPRESA INDIVIDUAL DE RESPONSABILIDAD;77128918;DEV-ILUF-2021-001;164;;CON;;;
CONSULTORA DANIEL MAURICIO ULLOA ILUFFÍ EMPRESA INDIVIDUAL DE RESPONSABILIDAD;77128918;DEV-ILUF-2021-001;165;;CON;;;
CONSULTORA DANIEL MAURICIO ULLOA ILUFFÍ EMPRESA INDIVIDUAL DE RESPONSABILIDAD;77128918;DEV-ILUF-2022-003;167;;CON;;;
CONSULTORA DANIEL MAURICIO ULLOA ILUFFÍ EMPRESA INDIVIDUAL DE RESPONSABILIDAD;77128918;DEV-ILUF-2022-003;168;;CON;;;
CONSULTORA DANIEL MAURICIO ULLOA ILUFFÍ EMPRESA INDIVIDUAL DE RESPONSABILIDAD;77128918;DEV-ILUF-2021-001;169;;CON;;;
CONSULTORA DANIEL MAURICIO ULLOA ILUFFÍ EMPRESA INDIVIDUAL DE RESPONSABILIDAD;77128918;DEV-ILUF-2021-001;170;;CON;;;
PROASUR ITS SPA;77300452;CON-PROA-2023-001;181;;;;;
PROASUR ITS SPA;77300452;CON-PROA-2023-001;189;;;;;
PROASUR ITS SPA;77300452;CON-PROA-2023-001;195;;;;;
HILDEBRANDT Y ASOCIADOS ARQUITECTOS INGENIEROS CONSULTORES LIMITADA;77362160;DES-HILD-2021-001;447;;CON;;;
HILDEBRANDT Y ASOCIADOS ARQUITECTOS INGENIEROS CONSULTORES LIMITADA;77362160;DES-HILD-2021-001;451;;CON;;;
HILDEBRANDT Y ASOCIADOS ARQUITECTOS INGENIEROS CONSULTORES LIMITADA;77362160;DES-HILD-2021-001;452;;CON;;;
HILDEBRANDT Y ASOCIADOS ARQUITECTOS INGENIEROS CONSULTORES LIMITADA;77362160;DES-HILD-2021-001;457;;CON;;;
HILDEBRANDT Y ASOCIADOS ARQUITECTOS INGENIEROS CONSULTORES LIMITADA;77362160;DES-HILD-2021-001;459;;CON;;;
HILDEBRANDT Y ASOCIADOS ARQUITECTOS INGENIEROS CONSULTORES LIMITADA;77362160;DES-HILD-2021-001;462;;CON;;;
HILDEBRANDT Y ASOCIADOS ARQUITECTOS INGENIEROS CONSULTORES LIMITADA;77362160;DES-HILD-2021-001;467;;CON;;;
HILDEBRANDT Y ASOCIADOS ARQUITECTOS INGENIEROS CONSULTORES LIMITADA;77362160;DES-HILD-2021-001;470;;CON;;;
HILDEBRANDT Y ASOCIADOS ARQUITECTOS INGENIEROS CONSULTORES LIMITADA;77362160;DES-HILD-2021-001;476;;CON;;;
HILDEBRANDT Y ASOCIADOS ARQUITECTOS INGENIEROS CONSULTORES LIMITADA;77362160;DES-HILD-2021-001;482;;CON;;;
HILDEBRANDT Y ASOCIADOS ARQUITECTOS INGENIEROS CONSULTORES LIMITADA;77362160;DES-HILD-2021-001;485;;CON;;;
HILDEBRANDT Y ASOCIADOS ARQUITECTOS INGENIEROS CONSULTORES LIMITADA;77362160;DES-HILD-2021-001;487;;CON;;;
HILDEBRANDT Y ASOCIADOS ARQUITECTOS INGENIEROS CONSULTORES LIMITADA;77362160;DES-HILD-2021-001;494;;CON;;;
O P H INGENIEROS CONSULTORES LIMITADA;78176790;DES-OPHH-2023-001;308;;;;;
O P H INGENIEROS CONSULTORES LIMITADA;78176790;DES-OPHH-2023-001;320;;;;;
O P H INGENIEROS CONSULTORES LIMITADA;78176790;DES-OPHH-2023-001;332;;;;;
O P H INGENIEROS CONSULTORES LIMITADA;78176790;DES-OPHH-2023-001;353;;;;;
LEN Y ASOCIADOS LTDA INGENIEROS CONSULTO;83665200;DES-LENN-2023-001;482;;;;;
LEN Y ASOCIADOS LTDA INGENIEROS CONSULTO;83665200;DES-LENN-2023-001;563;;;;;
LEN Y ASOCIADOS LTDA INGENIEROS CONSULTO;83665200;DES-LENN-2023-001;666;;;;;
LEN Y ASOCIADOS LTDA INGENIEROS CONSULTO;83665200;DES-LENN-2023-001;712;;;;;
INGELOG CONSULTORES DE INGENIERIA Y SISTEMAS S.A.;96619100;DES-INGE-2021-001;4682;;;;;
INGELOG CONSULTORES DE INGENIERIA Y SISTEMAS S.A.;96619100;DES-INGE-2021-001;4694;;;;;
INGELOG CONSULTORES DE INGENIERIA Y SISTEMAS S.A.;96619100;DES-INGE-2021-001;4743;;;;;
INGELOG CONSULTORES DE INGENIERIA Y SISTEMAS S.A.;96619100;DES-INGE-2021-001;4775;;;;;
INGELOG CONSULTORES DE INGENIERIA Y SISTEMAS S.A.;96619100;DES-INGE-2021-001;4808;;;;;
INGELOG CONSULTORES DE INGENIERIA Y SISTEMAS S.A.;96619100;DES-INGE-2021-001;4860;;;;;
INGELOG CONSULTORES DE INGENIERIA Y SISTEMAS S.A.;96619100;DES-INGE-2021-001;4905;;;;;
INGELOG CONSULTORES DE INGENIERIA Y SISTEMAS S.A.;96619100;DES-INGE-2021-001;5004;;;;;
INGELOG CONSULTORES DE INGENIERIA Y SISTEMAS S.A.;96619100;DES-INGE-2021-001;5095;;;;;
INGELOG CONSULTORES DE INGENIERIA Y SISTEMAS S.A.;96619100;DES-INGE-2021-001;5148;;;;;
INGELOG CONSULTORES DE INGENIERIA Y SISTEMAS S.A.;96619100;DES-INGE-2021-001;5174;;;;;
INGELOG CONSULTORES DE INGENIERIA Y SISTEMAS S.A.;96619100;DES-INGE-2021-001;748;;;;;
INGELOG CONSULTORES DE INGENIERIA Y SISTEMAS S.A.;96619100;DES-INGE-2021-001;752;;;;;
INGELOG CONSULTORES DE INGENIERIA Y SISTEMAS S.A.;96619100;DES-INGE-2021-001;781;;;;;
INGELOG CONSULTORES DE INGENIERIA Y SISTEMAS S.A.;96619100;DES-INGE-2021-001;813;;;;;
INGELOG CONSULTORES DE INGENIERIA Y SISTEMAS S.A.;96619100;DES-INGE-2021-001;999;;;;;
KAPSCH TRAFFICCOM CHILE S A;96978000;CON-KAPS-2022-001;1689;;;;;
KAPSCH TRAFFICCOM CHILE S A;96978000;CON-KAPS-2022-001;1814;;;;;
KAPSCH TRAFFICCOM CHILE S A;96978000;CON-KAPS-2022-001;1895;;;;;
KAPSCH TRAFFICCOM CHILE S A;96978000;CON-KAPS-2022-001;1919;;;;;
KAPSCH TRAFFICCOM CHILE S A;96978000;CON-KAPS-2022-001;2001;;;;;
KAPSCH TRAFFICCOM CHILE S A;96978000;CON-KAPS-2022-001;2362;;;;;
KAPSCH TRAFFICCOM CHILE S A;96978000;CON-KAPS-2022-001;2363;;;;;
KAPSCH TRAFFICCOM CHILE S A;96978000;CON-KAPS-2022-001;2364;;;;;
AP ECOLOGY SPA;76263385;DEV-APEC-2022-001;672;;AD2;;;
PROASUR ITS SPA;77300452;CON-PROA-2023-001;217;;;;;
INGENIERIA CALCULO Y CONSTRUCCION JLS INGENIERIA LIMITADA;76736320;DES-JLSS-2023-001;848;;;;;
LEN Y ASOCIADOS LTDA INGENIEROS CONSULTO;83665200;DES-LENN-2023-001;888;;;;;
IKONS ATN INVERSIONES LIMITADA;77773100;ECO-IKON-2024-001;179;;;;;
IKONS ATN INVERSIONES LIMITADA;77773100;ECO-IKON-2024-001;180;;;;;
IKONS ATN INVERSIONES LIMITADA;77773100;ECO-IKON-2024-001;183;;;;;
IKONS ATN INVERSIONES LIMITADA;77773100;ECO-IKON-2024-001;184;;;;;
IKONS ATN INVERSIONES LIMITADA;77773100;ECO-IKON-2024-001;186;;;;;
IKONS ATN INVERSIONES LIMITADA;77773100;ECO-IKON-2024-001;187;;;;;
IKONS ATN INVERSIONES LIMITADA;77773100;ECO-IKON-2024-001;193;;;;;
IKONS ATN INVERSIONES LIMITADA;77773100;ECO-IKON-2024-001;203;;;;;
IKONS ATN INVERSIONES LIMITADA;77773100;ECO-IKON-2024-001;211;;;;;
IKONS ATN INVERSIONES LIMITADA;77773100;ECO-IKON-2024-001;214;;;;;
IKONS ATN INVERSIONES LIMITADA;77773100;ECO-IKON-2024-001;216;;;;;
IKONS ATN INVERSIONES LIMITADA;77773100;ECO-IKON-2024-001;219;;;;;
IKONS ATN INVERSIONES LIMITADA;77773100;ECO-IKON-2024-001;221;;;;;
IKONS ATN INVERSIONES LIMITADA;77773100;ECO-IKON-2024-001;222;;;;;
IKONS ATN INVERSIONES LIMITADA;77773100;ECO-IKON-2024-001;228;;;;;
IKONS ATN INVERSIONES LIMITADA;77773100;ECO-IKON-2024-001;230;;;;;
IKONS ATN INVERSIONES LIMITADA;77773100;ECO-IKON-2024-001;232;;;;;
IKONS ATN INVERSIONES LIMITADA;77773100;ECO-IKON-2024-001;233;;;;;
IKONS ATN INVERSIONES LIMITADA;77773100;ECO-IKON-2024-001;234;;;;;
IKONS ATN INVERSIONES LIMITADA;77773100;ECO-IKON-2024-001;249;;;;;
CHINA RAILWAY CONSTRUCCION CORPORATION (INTERNATIONAL) LIMITED;59296220;MAN-CRCC-2021-005;1;;;Routine Maintenance;;
CHINA RAILWAY CONSTRUCCION CORPORATION (INTERNATIONAL) LIMITED;59296220;MAN-CRCC-2021-005;2;;;Routine Maintenance;;
CHINA RAILWAY CONSTRUCCION CORPORATION (INTERNATIONAL) LIMITED;59296220;MAN-CRCC-2021-005;4;;;Routine Maintenance;;
CHINA RAILWAY CONSTRUCCION CORPORATION (INTERNATIONAL) LIMITED;59296220;MAN-CRCC-2021-005;6;;;Routine Maintenance;;
CHINA RAILWAY CONSTRUCCION CORPORATION (INTERNATIONAL) LIMITED;59296220;MAN-CRCC-2021-005;7;;;Routine Maintenance;;
CHINA RAILWAY CONSTRUCCION CORPORATION (INTERNATIONAL) LIMITED;59296220;MAN-CRCC-2021-005;49;;;Routine Maintenance;;
CHINA RAILWAY CONSTRUCCION CORPORATION (INTERNATIONAL) LIMITED;59296220;MAN-CRCC-2021-005;117;;;Routine Maintenance;;
CHINA RAILWAY CONSTRUCCION CORPORATION (INTERNATIONAL) LIMITED;59296220;MAN-CRCC-2021-005;145;;;Routine Maintenance;;
CHINA RAILWAY CONSTRUCCION CORPORATION (INTERNATIONAL) LIMITED;59296220;MAN-CRCC-2021-005;146;;;Routine Maintenance;;
CHINA RAILWAY CONSTRUCCION CORPORATION (INTERNATIONAL) LIMITED;59296220;MAN-CRCC-2021-005;170;;;Routine Maintenance;;
CHINA RAILWAY CONSTRUCCION CORPORATION (INTERNATIONAL) LIMITED;59296220;MAN-CRCC-2021-005;181;;;Routine Maintenance;;
CHINA RAILWAY CONSTRUCCION CORPORATION (INTERNATIONAL) LIMITED;59296220;MAN-CRCC-2021-005;209;;;Routine Maintenance;;
CHINA RAILWAY CONSTRUCCION CORPORATION (INTERNATIONAL) LIMITED;59296220;MAN-CRCC-2021-005;211;;;Routine Maintenance;;
CHINA RAILWAY CONSTRUCCION CORPORATION (INTERNATIONAL) LIMITED;59296220;MAN-CRCC-2021-005;220;;;Routine Maintenance;;
CHINA RAILWAY CONSTRUCCION CORPORATION (INTERNATIONAL) LIMITED;59296220;MAN-CRCC-2021-005;225;;;Routine Maintenance;;
CHINA RAILWAY CONSTRUCCION CORPORATION (INTERNATIONAL) LIMITED;59296220;MAN-CRCC-2021-005;226;;;Routine Maintenance;;
CHINA RAILWAY CONSTRUCCION CORPORATION (INTERNATIONAL) LIMITED;59296220;MAN-CRCC-2021-005;233;;;Routine Maintenance;;
CHINA RAILWAY CONSTRUCCION CORPORATION (INTERNATIONAL) LIMITED;59296220;MAN-CRCC-2021-005;242;;;Routine Maintenance;;
CHINA RAILWAY CONSTRUCCION CORPORATION (INTERNATIONAL) LIMITED;59296220;MAN-CRCC-2021-005;247;;;Routine Maintenance;;
CHINA RAILWAY CONSTRUCCION CORPORATION (INTERNATIONAL) LIMITED;59296220;MAN-CRCC-2021-005;249;;;Routine Maintenance;;
CHINA RAILWAY CONSTRUCCION CORPORATION (INTERNATIONAL) LIMITED;59296220;MAN-CRCC-2021-005;5211;;;Routine Maintenance;;
CHINA RAILWAY CONSTRUCCION CORPORATION (INTERNATIONAL) LIMITED;59296220;MAN-CRCC-2021-005;5223;;;Routine Maintenance;;
CHINA RAILWAY CONSTRUCCION CORPORATION (INTERNATIONAL) LIMITED;59296220;MAN-CRCC-2021-005;5251;;;Routine Maintenance;;
CHINA RAILWAY CONSTRUCCION CORPORATION (INTERNATIONAL) LIMITED;59296220;MAN-CRCC-2021-005;5255;;;Routine Maintenance;;
CHINA RAILWAY CONSTRUCCION CORPORATION (INTERNATIONAL) LIMITED;59296220;MAN-CRCC-2021-005;5217;;;Routine Maintenance;;
CHINA RAILWAY CONSTRUCCION CORPORATION (INTERNATIONAL) LIMITED;59296220;MAN-CRCC-2021-005;3;;;Major Maintenance;;
CHINA RAILWAY CONSTRUCCION CORPORATION (INTERNATIONAL) LIMITED;59296220;MAN-CRCC-2021-005;64;;;Major Maintenance;;
CHINA RAILWAY CONSTRUCCION CORPORATION (INTERNATIONAL) LIMITED;59296220;MAN-CRCC-2021-005;131;;;Major Maintenance;;
CHINA RAILWAY CONSTRUCCION CORPORATION (INTERNATIONAL) LIMITED;59296220;MAN-CRCC-2021-005;144;;;Major Maintenance;;
CHINA RAILWAY CONSTRUCCION CORPORATION (INTERNATIONAL) LIMITED;59296220;MAN-CRCC-2021-005;153;;;Major Maintenance;;
CHINA RAILWAY CONSTRUCCION CORPORATION (INTERNATIONAL) LIMITED;59296220;MAN-CRCC-2021-005;154;;;Major Maintenance;;
CHINA RAILWAY CONSTRUCCION CORPORATION (INTERNATIONAL) LIMITED;59296220;MAN-CRCC-2021-005;155;;;Major Maintenance;;
CHINA RAILWAY CONSTRUCCION CORPORATION (INTERNATIONAL) LIMITED;59296220;MAN-CRCC-2021-005;171;;;Major Maintenance;;
CHINA RAILWAY CONSTRUCCION CORPORATION (INTERNATIONAL) LIMITED;59296220;MAN-CRCC-2021-005;182;;;Major Maintenance;;
CHINA RAILWAY CONSTRUCCION CORPORATION (INTERNATIONAL) LIMITED;59296220;MAN-CRCC-2021-005;187;;;Major Maintenance;;
CHINA RAILWAY CONSTRUCCION CORPORATION (INTERNATIONAL) LIMITED;59296220;MAN-CRCC-2021-005;188;;;Major Maintenance;;
CHINA RAILWAY CONSTRUCCION CORPORATION (INTERNATIONAL) LIMITED;59296220;MAN-CRCC-2021-005;202;;;Major Maintenance;;
CHINA RAILWAY CONSTRUCCION CORPORATION (INTERNATIONAL) LIMITED;59296220;MAN-CRCC-2021-005;203;;;Major Maintenance;;
CHINA RAILWAY CONSTRUCCION CORPORATION (INTERNATIONAL) LIMITED;59296220;MAN-CRCC-2021-005;204;;;Major Maintenance;;
CHINA RAILWAY CONSTRUCCION CORPORATION (INTERNATIONAL) LIMITED;59296220;MAN-CRCC-2021-005;210;;;Major Maintenance;;
CHINA RAILWAY CONSTRUCCION CORPORATION (INTERNATIONAL) LIMITED;59296220;MAN-CRCC-2021-005;212;;;Major Maintenance;;
CHINA RAILWAY CONSTRUCCION CORPORATION (INTERNATIONAL) LIMITED;59296220;MAN-CRCC-2021-005;213;;;Major Maintenance;;
CHINA RAILWAY CONSTRUCCION CORPORATION (INTERNATIONAL) LIMITED;59296220;MAN-CRCC-2021-005;214;;;Major Maintenance;;
CHINA RAILWAY CONSTRUCCION CORPORATION (INTERNATIONAL) LIMITED;59296220;MAN-CRCC-2021-005;235;;;Major Maintenance;;
CHINA RAILWAY CONSTRUCCION CORPORATION (INTERNATIONAL) LIMITED;59296220;MAN-CRCC-2021-005;236;;;Major Maintenance;;
CHINA RAILWAY CONSTRUCCION CORPORATION (INTERNATIONAL) LIMITED;59296220;MAN-CRCC-2021-005;237;;;Major Maintenance;;
CHINA RAILWAY CONSTRUCCION CORPORATION (INTERNATIONAL) LIMITED;59296220;MAN-CRCC-2021-005;240;;;Major Maintenance;;
CHINA RAILWAY CONSTRUCCION CORPORATION (INTERNATIONAL) LIMITED;59296220;MAN-CRCC-2021-005;248;;;Major Maintenance;;
CHINA RAILWAY CONSTRUCCION CORPORATION (INTERNATIONAL) LIMITED;59296220;MAN-CRCC-2021-005;5207;;;Major Maintenance;;
CHINA RAILWAY CONSTRUCCION CORPORATION (INTERNATIONAL) LIMITED;59296220;MAN-CRCC-2021-005;5210;;;Major Maintenance;;
CHINA RAILWAY CONSTRUCCION CORPORATION (INTERNATIONAL) LIMITED;59296220;MAN-CRCC-2021-005;5222;;;Major Maintenance;;
CHINA RAILWAY CONSTRUCCION CORPORATION (INTERNATIONAL) LIMITED;59296220;MAN-CRCC-2021-005;5225;;;Major Maintenance;;
CHINA RAILWAY CONSTRUCCION CORPORATION (INTERNATIONAL) LIMITED;59296220;MAN-CRCC-2021-005;5243;;;Major Maintenance;;
CHINA RAILWAY CONSTRUCCION CORPORATION (INTERNATIONAL) LIMITED;59296220;MAN-CRCC-2021-005;11;;;RM-MM;;
CHINA RAILWAY CONSTRUCCION CORPORATION (INTERNATIONAL) LIMITED;59296220;MAN-CRCC-2021-005;13;;;RM-MM;;
CHINA RAILWAY CONSTRUCCION CORPORATION (INTERNATIONAL) LIMITED;59296220;MAN-CRCC-2021-005;15;;;RM-MM;;
CHINA RAILWAY CONSTRUCCION CORPORATION (INTERNATIONAL) LIMITED;59296220;MAN-CRCC-2021-005;16;;;RM-MM;;
CHINA RAILWAY CONSTRUCCION CORPORATION (INTERNATIONAL) LIMITED;59296220;MAN-CRCC-2021-005;21;;;RM-MM;;
CHINA RAILWAY CONSTRUCCION CORPORATION (INTERNATIONAL) LIMITED;59296220;MAN-CRCC-2021-005;22;;;RM-MM;;
CHINA RAILWAY CONSTRUCCION CORPORATION (INTERNATIONAL) LIMITED;59296220;MAN-CRCC-2021-005;30;;;RM-MM;;
CHINA RAILWAY CONSTRUCCION CORPORATION (INTERNATIONAL) LIMITED;59296220;MAN-CRCC-2021-005;31;;;RM-MM;;
CHINA RAILWAY CONSTRUCCION CORPORATION (INTERNATIONAL) LIMITED;59296220;MAN-CRCC-2021-005;34;;;RM-MM;;
CHINA RAILWAY CONSTRUCCION CORPORATION (INTERNATIONAL) LIMITED;59296220;MAN-CRCC-2021-005;36;;;RM-MM;;
CHINA RAILWAY CONSTRUCCION CORPORATION (INTERNATIONAL) LIMITED;59296220;MAN-CRCC-2021-005;38;;;RM-MM;;
CHINA RAILWAY CONSTRUCCION CORPORATION (INTERNATIONAL) LIMITED;59296220;MAN-CRCC-2021-005;46;;;RM-MM;;
CHINA RAILWAY CONSTRUCCION CORPORATION (INTERNATIONAL) LIMITED;59296220;MAN-CRCC-2021-005;48;;;RM-MM;;
CHINA RAILWAY CONSTRUCCION CORPORATION (INTERNATIONAL) LIMITED;59296220;MAN-CRCC-2021-005;52;;;RM-MM;;
CHINA RAILWAY CONSTRUCCION CORPORATION (INTERNATIONAL) LIMITED;59296220;MAN-CRCC-2021-005;55;;;RM-MM;;
CHINA RAILWAY CONSTRUCCION CORPORATION (INTERNATIONAL) LIMITED;59296220;MAN-CRCC-2021-005;63;;;RM-MM;;
CHINA RAILWAY CONSTRUCCION CORPORATION (INTERNATIONAL) LIMITED;59296220;MAN-CRCC-2021-005;78;;;RM-MM;;
CHINA RAILWAY CONSTRUCCION CORPORATION (INTERNATIONAL) LIMITED;59296220;MAN-CRCC-2021-005;108;;;RM-MM;;
CHINA RAILWAY CONSTRUCCION CORPORATION (INTERNATIONAL) LIMITED;59296220;MAN-CRCC-2021-005;109;;;RM-MM;;
CHINA RAILWAY CONSTRUCCION CORPORATION (INTERNATIONAL) LIMITED;59296220;MAN-CRCC-2021-005;113;;;RM-MM;;
CHINA RAILWAY CONSTRUCCION CORPORATION (INTERNATIONAL) LIMITED;59296220;MAN-CRCC-2021-005;5216;;;Major Maintenance;;
CHINA RAILWAY CONSTRUCCION CORPORATION (INTERNATIONAL) LIMITED;59296220;MAN-CRCC-2021-005;5224;;;Major Maintenance;;
CHINA RAILWAY CONSTRUCCION CORPORATION (INTERNATIONAL) LIMITED;59296220;MAN-CRCC-2021-005;1036;;;Major Maintenance;;
CHINA RAILWAY CONSTRUCCION CORPORATION (INTERNATIONAL) LIMITED;59296220;MAN-CRCC-2021-005;5262;;;;;
CHINA RAILWAY CONSTRUCCION CORPORATION (INTERNATIONAL) LIMITED;59296220;MAN-CRCC-2021-005;5264;;;;;
CHINA RAILWAY CONSTRUCCION CORPORATION (INTERNATIONAL) LIMITED;59296220;MAN-CRCC-2021-005;5267;;;;;
CHINA RAILWAY CONSTRUCCION CORPORATION (INTERNATIONAL) LIMITED;59296220;MAN-CRCC-2021-005;5269;;;;;
CHINA RAILWAY CONSTRUCCION CORPORATION (INTERNATIONAL) LIMITED;59296220;MAN-CRCC-2021-005;5271;;;;;
ALDESA CHILE SPA;77057233;OPE-ALDE-2021-000;36;;;9.4;;
ALDESA CHILE SPA;77057233;OPE-ALDE-2021-000;40;;;9.4;;
ALDESA CHILE SPA;77057233;OPE-ALDE-2021-000;45;;;9.4;;
ALDESA CHILE SPA;77057233;OPE-ALDE-2021-000;49;;;9.4;;
ALDESA CHILE SPA;77057233;OPE-ALDE-2021-000;50;;;9.6;;
ALDESA CHILE SPA;77057233;OPE-ALDE-2021-000;51;;;9.6;;
ALDESA CHILE SPA;77057233;OPE-ALDE-2021-000;52;;;9.6;;
ALDESA CHILE SPA;77057233;OPE-ALDE-2021-000;53;;;9.6;;
ALDESA CHILE SPA;77057233;OPE-ALDE-2021-000;62;;;9.6;;
ALDESA CHILE SPA;77057233;OPE-ALDE-2021-000;66;;;9.4;;
ALDESA CHILE SPA;77057233;OPE-ALDE-2021-000;67;;;9.4;;
ALDESA CHILE SPA;77057233;OPE-ALDE-2021-000;68;;;9.4;;
ALDESA CHILE SPA;77057233;OPE-ALDE-2021-000;69;;;9.4;;
ALDESA CHILE SPA;77057233;OPE-ALDE-2021-000;70;;;9.4;;
ALDESA CHILE SPA;77057233;OPE-ALDE-2021-000;71;;;9.4;;
ALDESA CHILE SPA;77057233;OPE-ALDE-2021-000;72;;;9.6;;
ALDESA CHILE SPA;77057233;OPE-ALDE-2021-000;74;;;9.6;;
ALDESA CHILE SPA;77057233;OPE-ALDE-2021-000;75;;;9.6;;
ALDESA CHILE SPA;77057233;OPE-ALDE-2021-000;76;;;9.6;;
ALDESA CHILE SPA;77057233;OPE-ALDE-2021-000;77;;;9.6;;
ALDESA CHILE SPA;77057233;OPE-ALDE-2021-000;78;;;9.6;;
ALDESA CHILE SPA;77057233;OPE-ALDE-2021-000;79;;;9.6;;
ALDESA CHILE SPA;77057233;OPE-ALDE-2021-000;80;;;9.6;;
ALDESA CHILE SPA;77057233;OPE-ALDE-2021-000;81;;;9.6;;
ALDESA CHILE SPA;77057233;OPE-ALDE-2021-000;82;;;9.6;;
ALDESA CHILE SPA;77057233;OPE-ALDE-2021-000;87;;;9.4;;
ALDESA CHILE SPA;77057233;OPE-ALDE-2021-001;88;;;9.4;;
ALDESA CHILE SPA;77057233;OPE-ALDE-2021-000;92;;;9.4;;
ALDESA CHILE SPA;77057233;OPE-ALDE-2021-000;96;;;9.4;;
ALDESA CHILE SPA;77057233;OPE-ALDE-2021-000;100;;;9.4;;
ALDESA CHILE SPA;77057233;OPE-ALDE-2021-000;102;;;9.4;;
ALDESA CHILE SPA;77057233;OPE-ALDE-2021-000;103;;;9.4;;
ALDESA CHILE SPA;77057233;OPE-ALDE-2021-000;104;;;9.4;;
ALDESA CHILE SPA;77057233;OPE-ALDE-2021-000;105;;;9.4;;
ALDESA CHILE SPA;77057233;OPE-ALDE-2021-000;106;;;9.4;;
ALDESA CHILE SPA;77057233;OPE-ALDE-2021-000;107;;;9.4;;
ALDESA CHILE SPA;77057233;OPE-ALDE-2021-001;110;;;9.4;;
ALDESA CHILE SPA;77057233;OPE-ALDE-2021-001;111;;;9.4;;
ALDESA CHILE SPA;77057233;OPE-ALDE-2021-001;203;;;#N/D;;
ALDESA CHILE SPA;77057233;OPE-ALDE-2021-001;267;;;9.6;;
ALDESA CHILE SPA;77057233;OPE-ALDE-2021-001;268;;;9.6;;
ALDESA CHILE SPA;77057233;OPE-ALDE-2021-001;269;;;9.6;;
ALDESA CHILE SPA;77057233;OPE-ALDE-2021-001;270;;;9.4;;
ALDESA CHILE SPA;77057233;OPE-ALDE-2021-001;271;;;9.4;;
ALDESA CHILE SPA;77057233;OPE-ALDE-2021-001;272;;;9.6;;
ALDESA CHILE SPA;77057233;OPE-ALDE-2021-001;273;;;9.6;;
ALDESA CHILE SPA;77057233;OPE-ALDE-2021-001;274;;;9.4;;
ALDESA CHILE SPA;77057233;OPE-ALDE-2021-001;275;;;9.4;;
ALDESA CHILE SPA;77057233;OPE-ALDE-2021-001;276;;;9.6;;
ALDESA CHILE SPA;77057233;OPE-ALDE-2021-001;277;;;9.6;;
ALDESA CHILE SPA;77057233;OPE-ALDE-2021-001;278;;;9.6;;
ALDESA CHILE SPA;77057233;OPE-ALDE-2021-001;279;;;9.6;;
ALDESA CHILE SPA;77057233;OPE-ALDE-2021-001;280;;;9.6;;
ALDESA CHILE SPA;77057233;OPE-ALDE-2021-001;282;;;9.4;;
ALDESA CHILE SPA;77057233;OPE-ALDE-2021-001;283;;;9.4;;
ALDESA CHILE SPA;77057233;OPE-ALDE-2021-001;284;;;9.6;;
ALDESA CHILE SPA;77057233;OPE-ALDE-2021-001;285;;;9.4;;
ALDESA CHILE SPA;77057233;OPE-ALDE-2021-001;286;;;9.4;;
ALDESA CHILE SPA;77057233;OPE-ALDE-2021-001;287;;;9.5iii;;
ALDESA CHILE SPA;77057233;OPE-ALDE-2021-001;288;;;9.5iii;;
ALDESA CHILE SPA;77057233;OPE-ALDE-2021-001;289;;;9.6;;
ALDESA CHILE SPA;77057233;OPE-ALDE-2021-001;290;;;9.6;;
ALDESA CHILE SPA;77057233;OPE-ALDE-2021-001;292;;;9.5iii;;
ALDESA CHILE SPA;77057233;OPE-ALDE-2021-001;293;;;9.4;;
ALDESA CHILE SPA;77057233;OPE-ALDE-2021-001;294;;;9.4;;
ALDESA CHILE SPA;77057233;OPE-ALDE-2021-001;295;;;9.6;;
ALDESA CHILE SPA;77057233;OPE-ALDE-2021-001;296;;;9.5iii;;
ALDESA CHILE SPA;77057233;OPE-ALDE-2021-001;297;;;9.4;;
ALDESA CHILE SPA;77057233;OPE-ALDE-2021-001;298;;;9.6;;
ALDESA CHILE SPA;77057233;OPE-ALDE-2021-001;299;;;9.5iii;;
ALDESA CHILE SPA;77057233;OPE-ALDE-2021-001;300;;;9.4;;
ALDESA CHILE SPA;77057233;OPE-ALDE-2021-001;301;;;9.6;;
ALDESA CHILE SPA;77057233;OPE-ALDE-2021-001;302;;;9.5iii;;
ALDESA CHILE SPA;77057233;OPE-ALDE-2021-001;306;;;9.4;;
ALDESA CHILE SPA;77057233;OPE-ALDE-2021-001;308;;;9.4;;
ALDESA CHILE SPA;77057233;OPE-ALDE-2021-001;310;;;9.4;;
ALDESA CHILE SPA;77057233;OPE-ALDE-2021-001;311;;;9.4;;
ALDESA CHILE SPA;77057233;OPE-ALDE-2021-001;324;;;9.6;;
ALDESA CHILE SPA;77057233;OPE-ALDE-2021-001;325;;;9.6;;
ALDESA CHILE SPA;77057233;OPE-ALDE-2021-001;326;;;9.4;;
ALDESA CHILE SPA;77057233;OPE-ALDE-2021-001;327;;;9.4;;
ALDESA CHILE SPA;77057233;OPE-ALDE-2021-001;328;;;9.5iii;;
ALDESA CHILE SPA;77057233;OPE-ALDE-2021-001;329;;;9.5iii;;
ALDESA CHILE SPA;77057233;OPE-ALDE-2021-001;330;;;9.6;;
ALDESA CHILE SPA;77057233;OPE-ALDE-2021-001;333;;;9.5iii;;
ALDESA CHILE SPA;77057233;OPE-ALDE-2021-001;336;;;9.4;;
ALDESA CHILE SPA;77057233;OPE-ALDE-2021-001;337;;;9.4;;
ALDESA CHILE SPA;77057233;OPE-ALDE-2021-001;338;;;9.6;;
ALDESA CHILE SPA;77057233;OPE-ALDE-2021-001;339;;;9.4;;
ALDESA CHILE SPA;77057233;OPE-ALDE-2021-001;340;;;9.4;;
ALDESA CHILE SPA;77057233;OPE-ALDE-2021-001;342;;;9.5iii;;
ALDESA CHILE SPA;77057233;OPE-ALDE-2021-001;344;;;9.6;;
ALDESA CHILE SPA;77057233;OPE-ALDE-2021-001;345;;;9.4;;
ALDESA CHILE SPA;77057233;OPE-ALDE-2021-001;346;;;9.4;;
ALDESA CHILE SPA;77057233;OPE-ALDE-2021-001;350;;;9.5iii;;
ALDESA CHILE SPA;77057233;OPE-ALDE-2021-001;351;;;9.6;;
ALDESA CHILE SPA;77057233;OPE-ALDE-2021-001;352;;;9.5iii;;
ALDESA CHILE SPA;77057233;OPE-ALDE-2021-001;354;;;9.4;;
ALDESA CHILE SPA;77057233;OPE-ALDE-2021-001;355;;;9.4;;
ALDESA CHILE SPA;77057233;OPE-ALDE-2021-001;356;;;9.6;;
ALDESA CHILE SPA;77057233;OPE-ALDE-2021-001;358;;;#N/D;;
ALDESA CHILE SPA;77057233;OPE-ALDE-2021-001;359;;;9.5iii;;
ALDESA CHILE SPA;77057233;OPE-ALDE-2021-001;360;;;9.4;;
ALDESA CHILE SPA;77057233;OPE-ALDE-2021-001;361;;;9.6;;
ALDESA CHILE SPA;77057233;OPE-ALDE-2021-001;362;;;9.5iii;;
ALDESA CHILE SPA;77057233;OPE-ALDE-2021-001;366;;;9.4;;
ALDESA CHILE SPA;77057233;OPE-ALDE-2021-001;367;;;9.6;;
ALDESA CHILE SPA;77057233;OPE-ALDE-2021-001;373;;;9.5iii;;
ALDESA CHILE SPA;77057233;OPE-ALDE-2021-001;374;;;9.4;;
ALDESA CHILE SPA;77057233;OPE-ALDE-2021-001;378;;;9.6;;
ALDESA CHILE SPA;77057233;OPE-ALDE-2021-001;379;;;9.4;;
ALDESA CHILE SPA;77057233;OPE-ALDE-2021-001;381;;;9.6;;
ALDESA CHILE SPA;77057233;BOF-ALDE-2022-001;382;;;BACK OFFICE;;
ALDESA CHILE SPA;77057233;OPE-ALDE-2021-001;385;;;9.5iii;;
ALDESA CHILE SPA;77057233;OPE-ALDE-2021-001;386;;;9.5ii;;
ALDESA CHILE SPA;77057233;OPE-ALDE-2021-001;387;;;9.5iii;;
ALDESA CHILE SPA;77057233;OPE-ALDE-2021-001;388;;;9.4;;
ALDESA CHILE SPA;77057233;OPE-ALDE-2021-001;389;;;9.5iii;;
ALDESA CHILE SPA;77057233;BOF-ALDE-2022-001;390;;;BACK OFFICE;;
ALDESA CHILE SPA;77057233;OPE-ALDE-2021-001;392;;;9.6;;
ALDESA CHILE SPA;77057233;OPE-ALDE-2021-001;393;;;9.5iii;;
ALDESA CHILE SPA;77057233;OPE-ALDE-2021-001;394;;;9.5ii;;
ALDESA CHILE SPA;77057233;OPE-ALDE-2021-001;396;;;9.4;;
ALDESA CHILE SPA;77057233;BOF-ALDE-2022-001;397;;;BACK OFFICE;;
ALDESA CHILE SPA;77057233;OPE-ALDE-2021-001;398;;;9.5ii;;
ALDESA CHILE SPA;77057233;BOF-ALDE-2022-001;400;;;BACK OFFICE;;
ALDESA CHILE SPA;77057233;OPE-ALDE-2021-001;401;;;9.5ii;;
ALDESA CHILE SPA;77057233;OPE-ALDE-2021-001;402;;;9.5iii;;
ALDESA CHILE SPA;77057233;OPE-ALDE-2021-001;403;;;9.5iii;;
ALDESA CHILE SPA;77057233;OPE-ALDE-2021-001;404;;;9.5iii;;
ALDESA CHILE SPA;77057233;OPE-ALDE-2021-001;405;;;9.4;;
ALDESA CHILE SPA;77057233;BOF-ALDE-2022-001;406;;;BACK OFFICE;;
ALDESA CHILE SPA;77057233;OPE-ALDE-2021-001;407;;;9.4;;
ALDESA CHILE SPA;77057233;BOF-ALDE-2022-001;408;;;BACK OFFICE;;
ALDESA CHILE SPA;77057233;OPE-ALDE-2021-001;409;;;9.5ii;;
ALDESA CHILE SPA;77057233;OPE-ALDE-2021-001;411;;;9.4;;
ALDESA CHILE SPA;77057233;BOF-ALDE-2022-001;415;;;BACK OFFICE;;
ALDESA CHILE SPA;77057233;BOF-ALDE-2022-001;416;;;BACK OFFICE;;
ALDESA CHILE SPA;77057233;OPE-ALDE-2021-001;417;;;9.5iii;;
ALDESA CHILE SPA;77057233;OPE-ALDE-2021-001;418;;;9.5iii;;
ALDESA CHILE SPA;77057233;OPE-ALDE-2021-001;420;;;9.5ii;;
ALDESA CHILE SPA;77057233;OPE-ALDE-2021-001;421;;;9.5iii;;
ALDESA CHILE SPA;77057233;OPE-ALDE-2021-001;422;;;9.5iii;;
ALDESA CHILE SPA;77057233;OPE-ALDE-2021-001;423;;;9.5iii;;
ALDESA CHILE SPA;77057233;OPE-ALDE-2021-001;424;;;9.5iii;;
ALDESA CHILE SPA;77057233;OPE-ALDE-2021-001;425;;;9.5iii;;
ALDESA CHILE SPA;77057233;OPE-ALDE-2021-001;426;;;9.6;;
ALDESA CHILE SPA;77057233;OPE-ALDE-2021-001;427;;;9.4;;
ALDESA CHILE SPA;77057233;OPE-ALDE-2021-001;428;;;9.5ii;;
ALDESA CHILE SPA;77057233;BOF-ALDE-2022-001;429;;;BACK OFFICE;;
ALDESA CHILE SPA;77057233;BOF-ALDE-2022-001;430;;;BACK OFFICE;;
ALDESA CHILE SPA;77057233;OPE-ALDE-2021-001;431;;;9.6;;
ALDESA CHILE SPA;77057233;OPE-ALDE-2021-001;433;;;9.6;;
ALDESA CHILE SPA;77057233;OPE-ALDE-2021-001;434;;;9.4;;
ALDESA CHILE SPA;77057233;OPE-ALDE-2021-001;435;;;9.5iii;;
ALDESA CHILE SPA;77057233;OPE-ALDE-2021-001;436;;;9.5ii;;
ALDESA CHILE SPA;77057233;BOF-ALDE-2022-001;437;;;BACK OFFICE;;
ALDESA CHILE SPA;77057233;BOF-ALDE-2022-001;438;;;BACK OFFICE;;
ALDESA CHILE SPA;77057233;OPE-ALDE-2021-001;439;;;9.4;;
ALDESA CHILE SPA;77057233;BOF-ALDE-2022-001;440;;;BACK OFFICE;;
ALDESA CHILE SPA;77057233;OPE-ALDE-2021-001;441;;;9.5ii;;
ALDESA CHILE SPA;77057233;BOF-ALDE-2022-001;442;;;BACK OFFICE;;
ALDESA CHILE SPA;77057233;OPE-ALDE-2021-001;443;;;9.5iii;;
ALDESA CHILE SPA;77057233;OPE-ALDE-2021-001;444;;;9.5iii;;
ALDESA CHILE SPA;77057233;OPE-ALDE-2021-001;446;;;9.6;;
ALDESA CHILE SPA;77057233;OPE-ALDE-2021-001;447;;;9.6;;
ALDESA CHILE SPA;77057233;OPE-ALDE-2021-001;448;;;9.6;;
ALDESA CHILE SPA;77057233;OPE-ALDE-2021-001;449;;;9.6;;
ALDESA CHILE SPA;77057233;OPE-ALDE-2021-001;450;;;9.6;;
ALDESA CHILE SPA;77057233;OPE-ALDE-2021-001;451;;;9.6;;
ALDESA CHILE SPA;77057233;OPE-ALDE-2021-001;452;;;9.6;;
ALDESA CHILE SPA;77057233;OPE-ALDE-2021-001;453;;;9.6;;
ALDESA CHILE SPA;77057233;OPE-ALDE-2021-001;454;;;9.6;;
ALDESA CHILE SPA;77057233;OPE-ALDE-2021-001;455;;;9.6;;
ALDESA CHILE SPA;77057233;OPE-ALDE-2021-001;456;;;9.6;;
ALDESA CHILE SPA;77057233;OPE-ALDE-2021-001;457;;;9.6;;
ALDESA CHILE SPA;77057233;OPE-ALDE-2021-001;458;;;9.6;;
ALDESA CHILE SPA;77057233;OPE-ALDE-2021-001;459;;;9.6;;
ALDESA CHILE SPA;77057233;OPE-ALDE-2021-001;460;;;9.6;;
ALDESA CHILE SPA;77057233;OPE-ALDE-2021-001;461;;;9.6;;
ALDESA CHILE SPA;77057233;OPE-ALDE-2021-001;462;;;9.6;;
ALDESA CHILE SPA;77057233;OPE-ALDE-2021-001;464;;;9.5iii;;
ALDESA CHILE SPA;77057233;OPE-ALDE-2021-001;465;;;9.4;;
ALDESA CHILE SPA;77057233;BOF-ALDE-2022-001;466;;;BACK OFFICE;;
ALDESA CHILE SPA;77057233;BOF-ALDE-2022-001;467;;;BACK OFFICE;;
ALDESA CHILE SPA;77057233;OPE-ALDE-2021-001;468;;;9.5iii;;
ALDESA CHILE SPA;77057233;OPE-ALDE-2021-001;470;;;9.4;;
ALDESA CHILE SPA;77057233;OPE-ALDE-2021-001;471;;;9.6;;
ALDESA CHILE SPA;77057233;OPE-ALDE-2021-001;473;;;9.5iii;;
ALDESA CHILE SPA;77057233;OPE-ALDE-2021-001;474;;;9.5iii;;
ALDESA CHILE SPA;77057233;BOF-ALDE-2022-001;475;;;BACK OFFICE;;
ALDESA CHILE SPA;77057233;BOF-ALDE-2022-001;476;;;BACK OFFICE;;
ALDESA CHILE SPA;77057233;BOF-ALDE-2022-001;478;;;BACK OFFICE;;
ALDESA CHILE SPA;77057233;BOF-ALDE-2022-001;479;;;BACK OFFICE;;
ALDESA CHILE SPA;77057233;OPE-ALDE-2021-001;480;;;9.4;;
ALDESA CHILE SPA;77057233;BOF-ALDE-2022-001;481;;;BACK OFFICE;;
ALDESA CHILE SPA;77057233;OPE-ALDE-2021-001;482;;;9.5iii;;
ALDESA CHILE SPA;77057233;BOF-ALDE-2022-001;485;;;BACK OFFICE;;
ALDESA CHILE SPA;77057233;BOF-ALDE-2022-001;486;;;BACK OFFICE;;
ALDESA CHILE SPA;77057233;BOF-ALDE-2022-001;487;;;BACK OFFICE;;
ALDESA CHILE SPA;77057233;OPE-ALDE-2021-001;488;;;9.5iii;;
ALDESA CHILE SPA;77057233;OPE-ALDE-2021-001;489;;;9.5iii;;
ALDESA CHILE SPA;77057233;OPE-ALDE-2021-001;490;;;9.4;;
ALDESA CHILE SPA;77057233;OPE-ALDE-2021-001;494;;;9.4;;
ALDESA CHILE SPA;77057233;BOF-ALDE-2022-001;495;;;BACK OFFICE;;
ALDESA CHILE SPA;77057233;BOF-ALDE-2022-001;496;;;BACK OFFICE;;
ALDESA CHILE SPA;77057233;BOF-ALDE-2022-001;497;;;BACK OFFICE;;
ALDESA CHILE SPA;77057233;OPE-ALDE-2021-001;498;;;9.5iii;;
ALDESA CHILE SPA;77057233;OPE-ALDE-2021-001;499;;;9.6;;
ALDESA CHILE SPA;77057233;OPE-ALDE-2021-001;500;;;9.6;;
ALDESA CHILE SPA;77057233;OPE-ALDE-2021-001;501;;;9.6;;
ALDESA CHILE SPA;77057233;OPE-ALDE-2021-001;502;;;#N/D;;
ALDESA CHILE SPA;77057233;OPE-ALDE-2021-001;503;;;9.4;;
ALDESA CHILE SPA;77057233;OPE-ALDE-2021-001;504;;;9.5iii;;
ALDESA CHILE SPA;77057233;BOF-ALDE-2022-001;505;;;BACK OFFICE;;
ALDESA CHILE SPA;77057233;BOF-ALDE-2022-001;506;;;BACK OFFICE;;
ALDESA CHILE SPA;77057233;BOF-ALDE-2022-001;507;;;BACK OFFICE;;
ALDESA CHILE SPA;77057233;OPE-ALDE-2021-001;510;;;9.5iii;;
ALDESA CHILE SPA;77057233;OPE-ALDE-2021-001;511;;;9.5iii;;
ALDESA CHILE SPA;77057233;OPE-ALDE-2021-001;513;;;9.4;;
ALDESA CHILE SPA;77057233;BOF-ALDE-2022-001;514;;;BACK OFFICE;;
ALDESA CHILE SPA;77057233;BOF-ALDE-2022-001;515;;;BACK OFFICE;;
ALDESA CHILE SPA;77057233;BOF-ALDE-2022-001;516;;;BACK OFFICE;;
ALDESA CHILE SPA;77057233;OPE-ALDE-2021-001;517;;;#N/D;;
ALDESA CHILE SPA;77057233;OPE-ALDE-2021-001;518;;;#N/D;;
ALDESA CHILE SPA;77057233;BOF-ALDE-2022-001;519;;;BACK OFFICE;;
ALDESA CHILE SPA;77057233;OPE-ALDE-2021-001;520;;;9.4;;
ALDESA CHILE SPA;77057233;BOF-ALDE-2022-001;521;;;BACK OFFICE;;
ALDESA CHILE SPA;77057233;BOF-ALDE-2022-001;522;;;BACK OFFICE;;
ALDESA CHILE SPA;77057233;BOF-ALDE-2022-001;523;;;BACK OFFICE;;
ALDESA CHILE SPA;77057233;OPE-ALDE-2021-001;524;;;#N/D;;
ALDESA CHILE SPA;77057233;OPE-ALDE-2021-001;525;;;9.4;;
ALDESA CHILE SPA;77057233;BOF-ALDE-2022-001;526;;;BACK OFFICE;;
ALDESA CHILE SPA;77057233;BOF-ALDE-2022-001;527;;;BACK OFFICE;;
ALDESA CHILE SPA;77057233;BOF-ALDE-2022-001;528;;;BACK OFFICE;;
ALDESA CHILE SPA;77057233;OPE-ALDE-2021-001;529;;;9.4;;
ALDESA CHILE SPA;77057233;BOF-ALDE-2022-001;530;;;BACK OFFICE;;
ALDESA CHILE SPA;77057233;BOF-ALDE-2022-001;531;;;BACK OFFICE;;
ALDESA CHILE SPA;77057233;BOF-ALDE-2022-001;532;;;BACK OFFICE;;
ALDESA CHILE SPA;77057233;BOF-ALDE-2022-001;534;;;BACK OFFICE;;
ALDESA CHILE SPA;77057233;OPE-ALDE-2021-001;543;;;9.5iii;;
ALDESA CHILE SPA;77057233;BOF-ALDE-2022-001;544;;;BACK OFFICE;;
ALDESA CHILE SPA;77057233;BOF-ALDE-2022-001;545;;;BACK OFFICE;;
ALDESA CHILE SPA;77057233;BOF-ALDE-2022-001;546;;;BACK OFFICE;;
ALDESA CHILE SPA;77057233;OPE-ALDE-2021-001;547;;;9.4;;
ALDESA CHILE SPA;77057233;OPE-ALDE-2021-001;549;;;9.6;;
ALDESA CHILE SPA;77057233;OPE-ALDE-2021-001;508;;;9.5iii;;
ALDESA CHILE SPA;77057233;OPE-ALDE-2021-001;201;;;9.5iii;;
ALDESA CHILE SPA;77057233;OPE-ALDE-2021-001;85;;;9.5iii;;
ALDESA CHILE SPA;77057233;BOF-ALDE-2022-001;550;;;BACK OFFICE;;
ALDESA CHILE SPA;77057233;BOF-ALDE-2022-001;551;;;BACK OFFICE;;
ALDESA CHILE SPA;77057233;BOF-ALDE-2022-001;552;;;BACK OFFICE;;
ALDESA CHILE SPA;77057233;OPE-ALDE-2021-001;553;;;9.4;;
ALDESA CHILE SPA;77057233;OPE-ALDE-2021-001;554;;;9.5iii;;
ALDESA CHILE SPA;77057233;OPE-ALDE-2021-001;555;;;9.6;;
ALDESA CHILE SPA;77057233;BOF-ALDE-2022-001;561;;;BACK OFFICE;;
ALDESA CHILE SPA;77057233;BOF-ALDE-2022-001;562;;;BACK OFFICE;;
ALDESA CHILE SPA;77057233;BOF-ALDE-2022-001;563;;;BACK OFFICE;;
ALDESA CHILE SPA;77057233;BOF-ALDE-2022-001;567;;;BACK OFFICE;;
ALDESA CHILE SPA;77057233;BOF-ALDE-2022-001;568;;;BACK OFFICE;;
ALDESA CHILE SPA;77057233;BOF-ALDE-2022-001;569;;;BACK OFFICE;;
ALDESA CHILE SPA;77057233;OPE-ALDE-2021-001;558;;;;;
ALDESA CHILE SPA;77057233;OPE-ALDE-2021-001;564;;;;;
ALDESA CHILE SPA;77057233;OPE-ALDE-2021-001;565;;;;;
ALDESA CHILE SPA;77057233;OPE-ALDE-2021-001;566;;;;;
CIPRES SPA;76483671;ECO-CIPR-2024-001;5;;;;;
CIPRES SPA;76483671;ECO-CIPR-2024-001;8;;;;;
CONSORCIO NACIONAL DE DISTRIBUCION Y LOGISTICA S.A.;96950080;BOF-CHIL-2023-001;14985;;;;;
CONSORCIO NACIONAL DE DISTRIBUCION Y LOGISTICA S.A.;96950080;BOF-CHIL-2023-001;14986;;;;;
CONSORCIO NACIONAL DE DISTRIBUCION Y LOGISTICA S.A.;96950080;BOF-CHIL-2023-001;14987;;;;;
CONSORCIO NACIONAL DE DISTRIBUCION Y LOGISTICA S.A.;96950080;BOF-CHIL-2023-001;14988;;;;;
CONSORCIO NACIONAL DE DISTRIBUCION Y LOGISTICA S.A.;96950080;BOF-CHIL-2023-001;15313;;;;;
CONSORCIO NACIONAL DE DISTRIBUCION Y LOGISTICA S.A.;96950080;BOF-CHIL-2023-001;15314;;;;;
CONSORCIO NACIONAL DE DISTRIBUCION Y LOGISTICA S.A.;96950080;BOF-CHIL-2023-001;15921;;;;;
CONSORCIO NACIONAL DE DISTRIBUCION Y LOGISTICA S.A.;96950080;BOF-CHIL-2023-001;15922;;;;;
CONSORCIO NACIONAL DE DISTRIBUCION Y LOGISTICA S.A.;96950080;BOF-CHIL-2023-001;15923;;;;;
CONSORCIO NACIONAL DE DISTRIBUCION Y LOGISTICA S.A.;96950080;BOF-CHIL-2023-001;16053;;;;;
CONSORCIO NACIONAL DE DISTRIBUCION Y LOGISTICA S.A.;96950080;BOF-CHIL-2023-001;16054;;;;;
CONSORCIO NACIONAL DE DISTRIBUCION Y LOGISTICA S.A.;96950080;BOF-CHIL-2023-001;16335;;;;;
CONSORCIO NACIONAL DE DISTRIBUCION Y LOGISTICA S.A.;96950080;BOF-CHIL-2023-001;16336;;;;;
CONSORCIO NACIONAL DE DISTRIBUCION Y LOGISTICA S.A.;96950080;BOF-CHIL-2023-001;16370;;;;;
CONSORCIO NACIONAL DE DISTRIBUCION Y LOGISTICA S.A.;96950080;BOF-CHIL-2023-001;16490;;;;;
CONSORCIO NACIONAL DE DISTRIBUCION Y LOGISTICA S.A.;96950080;BOF-CHIL-2023-001;16689;;;;;
DBNET INGENIERÍA DE SOFTWARE S.A;78079790;BOF-DBNE-2022-001;70672;;;;;
DBNET INGENIERÍA DE SOFTWARE S.A;78079790;BOF-DBNE-2022-001;70673;;;;;
DBNET INGENIERÍA DE SOFTWARE S.A;78079790;BOF-DBNE-2022-001;70674;;;;;
DBNET INGENIERÍA DE SOFTWARE S.A;78079790;BOF-DBNE-2022-001;71330;;;;;
DBNET INGENIERÍA DE SOFTWARE S.A;78079790;BOF-DBNE-2022-001;71825;;;;;
DBNET INGENIERÍA DE SOFTWARE S.A;78079790;BOF-DBNE-2022-001;74084;;;;;
DBNET INGENIERÍA DE SOFTWARE S.A;78079790;BOF-DBNE-2022-001;74085;;;;;
DBNET INGENIERÍA DE SOFTWARE S.A;78079790;BOF-DBNE-2022-001;74810;;;;;
DBNET INGENIERÍA DE SOFTWARE S.A;78079790;BOF-DBNE-2022-001;74811;;;;;
DBNET INGENIERÍA DE SOFTWARE S.A;78079790;BOF-DBNE-2022-001;76292;;;;;
DBNET INGENIERÍA DE SOFTWARE S.A;78079790;BOF-DBNE-2022-001;76294;;;;;
DBNET INGENIERÍA DE SOFTWARE S.A;78079790;BOF-DBNE-2022-001;76295;;;;;
DBNET INGENIERÍA DE SOFTWARE S.A;78079790;BOF-DBNE-2022-001;76296;;;;;
DBNET INGENIERÍA DE SOFTWARE S.A;78079790;BOF-DBNE-2022-001;77007;;;;;
DBNET INGENIERÍA DE SOFTWARE S.A;78079790;BOF-DBNE-2022-001;77008;;;;;
DBNET INGENIERÍA DE SOFTWARE S.A;78079790;BOF-DBNE-2022-001;77009;;;;;
DBNET INGENIERÍA DE SOFTWARE S.A;78079790;BOF-DBNE-2022-001;77010;;;;;
DBNET INGENIERÍA DE SOFTWARE S.A;78079790;BOF-DBNE-2022-001;78668;;;;;
DBNET INGENIERÍA DE SOFTWARE S.A;78079790;BOF-DBNE-2022-001;78669;;;;;
DBNET INGENIERÍA DE SOFTWARE S.A;78079790;BOF-DBNE-2022-001;78670;;;;;
DBNET INGENIERÍA DE SOFTWARE S.A;78079790;BOF-DBNE-2022-001;78671;;;;;
DBNET INGENIERÍA DE SOFTWARE S.A;78079790;BOF-DBNE-2022-001;78672;;;;;
DBNET INGENIERÍA DE SOFTWARE S.A;78079790;BOF-DBNE-2022-001;78674;;;;;
DBNET INGENIERÍA DE SOFTWARE S.A;78079790;BOF-DBNE-2022-001;78858;;;;;
DBNET INGENIERÍA DE SOFTWARE S.A;78079790;BOF-DBNE-2022-001;78859;;;;;
DBNET INGENIERÍA DE SOFTWARE S.A;78079790;BOF-DBNE-2022-001;79406;;;;;
DBNET INGENIERÍA DE SOFTWARE S.A;78079790;BOF-DBNE-2022-001;79407;;;;;
DBNET INGENIERÍA DE SOFTWARE S.A;78079790;BOF-DBNE-2022-001;80026;;;;;
DBNET INGENIERÍA DE SOFTWARE S.A;78079790;BOF-DBNE-2022-001;80028;;;;;
DBNET INGENIERÍA DE SOFTWARE S.A;78079790;BOF-DBNE-2022-001;80605;;;;;
DBNET INGENIERÍA DE SOFTWARE S.A;78079790;BOF-DBNE-2022-001;80606;;;;;
DBNET INGENIERÍA DE SOFTWARE S.A;78079790;BOF-DBNE-2022-001;80909;;;;;
DBNET INGENIERÍA DE SOFTWARE S.A;78079790;BOF-DBNE-2022-001;80910;;;;;
DBNET INGENIERÍA DE SOFTWARE S.A;78079790;BOF-DBNE-2022-001;81812;;;;;
DBNET INGENIERÍA DE SOFTWARE S.A;78079790;BOF-DBNE-2022-001;81814;;;;;
DBNET INGENIERÍA DE SOFTWARE S.A;78079790;BOF-DBNE-2022-001;82519;;;;;
DBNET INGENIERÍA DE SOFTWARE S.A;78079790;BOF-DBNE-2022-001;82520;;;;;
DIVIISON MARKETING DIRECTO LIMITADA;76157827;BOF-MKTD-2023-001;5161;;;;;
DIVIISON MARKETING DIRECTO LIMITADA;76157827;BOF-MKTD-2023-001;5209;;;;;
DIVIISON MARKETING DIRECTO LIMITADA;76157827;BOF-MKTD-2023-001;5454;;;;;
DIVIISON MARKETING DIRECTO LIMITADA;76157827;BOF-MKTD-2023-001;5480;;;;;
DIVIISON MARKETING DIRECTO LIMITADA;76157827;BOF-MKTD-2023-001;5662;;;;;
DIVIISON MARKETING DIRECTO LIMITADA;76157827;BOF-MKTD-2023-001;5765;;;;;
EMPRESA DE CORREOS DE CHILE;60503000;BOF-CORR-2024-001;2820983;;;;;
FIDELIZADOR SPA;76005174;BOF-FIDE-2023-001;17662;;;;;
FIDELIZADOR SPA;76005174;BOF-FIDE-2023-001;17788;;;;;
FIDELIZADOR SPA;76005174;BOF-FIDE-2023-001;18023;;;;;
FIDELIZADOR SPA;76005174;BOF-FIDE-2023-001;18200;;;;;
FIDELIZADOR SPA;76005174;BOF-FIDE-2023-001;18396;;;;;
FIDELIZADOR SPA;76005174;BOF-FIDE-2023-001;18631;;;;;
IDEA UNO SPA;76709530;BOF-IDEA-2022-001;2794;;;;;
IDEA UNO SPA;76709530;BOF-IDEA-2022-001;2872;;;;;
IDEA UNO SPA;76709530;BOF-IDEA-2022-001;2936;;;;;
IDEA UNO SPA;76709530;BOF-IDEA-2022-001;3012;;;;;
IDEA UNO SPA;76709530;BOF-IDEA-2022-001;3081;;;;;
IDEA UNO SPA;76709530;BOF-IDEA-2022-001;3136;;;;;
IDEA UNO SPA;76709530;BOF-IDEA-2022-001;3194;;;;;
IDEA UNO SPA;76709530;BOF-IDEA-2022-001;3260;;;;;
IDEA UNO SPA;76709530;BOF-IDEA-2022-001;3324;;;;;
IDEA UNO SPA;76709530;BOF-IDEA-2022-001;3418;;;;;
IDEA UNO SPA;76709530;BOF-IDEA-2022-001;3479;;;;;
IDEA UNO SPA;76709530;BOF-IDEA-2022-001;3525;;;;;
IDEA UNO SPA;76709530;BOF-IDEA-2022-001;3608;;;;;
IDEA UNO SPA;76709530;BOF-IDEA-2022-001;3673;;;;;
IDEA UNO SPA;76709530;BOF-IDEA-2022-001;3846;;;;;
IDEA UNO SPA;76709530;BOF-IDEA-2022-001;3847;;;;;
IDEA UNO SPA;76709530;BOF-IDEA-2022-001;3952;;;;;
IDEA UNO SPA;76709530;BOF-IDEA-2022-001;3953;;;;;
IDEA UNO SPA;76709530;BOF-IDEA-2022-001;3956;;;;;
IDEA UNO SPA;76709530;BOF-IDEA-2022-001;4066;;;;;
IDEA UNO SPA;76709530;BOF-IDEA-2022-001;4135;;;;;
IDEA UNO SPA;76709530;BOF-IDEA-2022-001;4136;;;;;
IDEA UNO SPA;76709530;BOF-IDEA-2022-001;4207;;;;;
IDEA UNO SPA;76709530;BOF-IDEA-2022-001;4254;;;;;
INTERNEXA CHILE S.A.;76073154;VAR-ITXA-2021-001;8070;;;;;
INTERNEXA CHILE S.A.;76073154;VAR-ITXA-2021-001;8071;;;;;
INTERNEXA CHILE S.A.;76073154;VAR-ITXA-2021-001;8077;;;;;
INTERNEXA CHILE S.A.;76073154;VAR-ITXA-2021-001;8078;;;;;
INTERNEXA CHILE S.A.;76073154;VAR-ITXA-2021-001;8179;;;;;
INTERNEXA CHILE S.A.;76073154;VAR-ITXA-2021-001;8180;;;;;
INTERNEXA CHILE S.A.;76073154;VAR-ITXA-2021-001;8292;;;;;
INTERNEXA CHILE S.A.;76073154;VAR-ITXA-2021-001;8293;;;;;
INTERNEXA CHILE S.A.;76073154;VAR-ITXA-2021-001;8388;;;;;
INTERNEXA CHILE S.A.;76073154;VAR-ITXA-2021-001;8389;;;;;
INTERNEXA CHILE S.A.;76073154;VAR-ITXA-2021-001;8487;;;;;
INTERNEXA CHILE S.A.;76073154;VAR-ITXA-2021-001;8488;;;;;
INTERNEXA CHILE S.A.;76073154;VAR-ITXA-2021-001;8577;;;;;
INTERNEXA CHILE S.A.;76073154;VAR-ITXA-2021-001;8578;;;;;
INTERNEXA CHILE S.A.;76073154;VAR-ITXA-2021-001;8683;;;;;
INTERNEXA CHILE S.A.;76073154;VAR-ITXA-2021-001;8684;;;;;
INTERNEXA CHILE S.A.;76073154;VAR-ITXA-2021-001;8792;;;;;
INTERNEXA CHILE S.A.;76073154;VAR-ITXA-2021-001;8793;;;;;
INTERNEXA CHILE S.A.;76073154;VAR-ITXA-2021-001;8794;;;;;
INTERNEXA CHILE S.A.;76073154;VAR-ITXA-2021-001;8906;;;;;
INTERNEXA CHILE S.A.;76073154;VAR-ITXA-2021-001;8907;;;;;
INTERNEXA CHILE S.A.;76073154;VAR-ITXA-2021-001;8908;;;;;
INTERNEXA CHILE S.A.;76073154;VAR-ITXA-2021-001;8940;;;;;
INTERNEXA CHILE S.A.;76073154;VAR-ITXA-2021-001;9013;;;;;
INTERNEXA CHILE S.A.;76073154;VAR-ITXA-2021-001;9014;;;;;
INTERNEXA CHILE S.A.;76073154;VAR-ITXA-2021-001;9015;;;;;
INTERNEXA CHILE S.A.;76073154;VAR-ITXA-2021-001;9104;;;;;
INTERNEXA CHILE S.A.;76073154;VAR-ITXA-2021-001;9105;;;;;
INTERNEXA CHILE S.A.;76073154;VAR-ITXA-2021-001;9106;;;;;
INTERNEXA CHILE S.A.;76073154;VAR-ITXA-2021-001;9107;;;;;
INTERNEXA CHILE S.A.;76073154;VAR-ITXA-2021-001;9217;;;;;
INTERNEXA CHILE S.A.;76073154;VAR-ITXA-2021-001;9218;;;;;
INTERNEXA CHILE S.A.;76073154;VAR-ITXA-2021-001;9219;;;;;
INTERNEXA CHILE S.A.;76073154;VAR-ITXA-2021-001;9231;;;;;
INTERNEXA CHILE S.A.;76073154;VAR-ITXA-2021-001;9232;;;;;
INTERNEXA CHILE S.A.;76073154;VAR-ITXA-2021-001;9242;;;;;
INTERNEXA CHILE S.A.;76073154;VAR-ITXA-2021-001;9294;;;;;
INTERNEXA CHILE S.A.;76073154;VAR-ITXA-2021-001;9295;;;;;
INTERNEXA CHILE S.A.;76073154;VAR-ITXA-2021-001;9296;;;;;
INTERNEXA CHILE S.A.;76073154;VAR-ITXA-2021-001;9297;;;;;
INTERNEXA CHILE S.A.;76073154;VAR-ITXA-2021-001;9380;;;;;
INTERNEXA CHILE S.A.;76073154;VAR-ITXA-2021-001;9381;;;;;
INTERNEXA CHILE S.A.;76073154;VAR-ITXA-2021-001;9382;;;;;
INTERNEXA CHILE S.A.;76073154;VAR-ITXA-2021-001;9383;;;;;
INTERNEXA CHILE S.A.;76073154;VAR-ITXA-2021-001;9540;;;;;
INTERNEXA CHILE S.A.;76073154;VAR-ITXA-2021-001;9541;;;;;
INTERNEXA CHILE S.A.;76073154;VAR-ITXA-2021-001;9542;;;;;
INTERNEXA CHILE S.A.;76073154;VAR-ITXA-2021-001;9543;;;;;
INTERNEXA CHILE S.A.;76073154;VAR-ITXA-2021-001;9652;;;;;
INTERNEXA CHILE S.A.;76073154;VAR-ITXA-2021-001;9653;;;;;
INTERNEXA CHILE S.A.;76073154;VAR-ITXA-2021-001;9654;;;;;
INTERNEXA CHILE S.A.;76073154;VAR-ITXA-2021-001;9655;;;;;
INTERNEXA CHILE S.A.;76073154;VAR-ITXA-2021-001;9771;;;;;
INTERNEXA CHILE S.A.;76073154;VAR-ITXA-2021-001;9772;;;;;
INTERNEXA CHILE S.A.;76073154;VAR-ITXA-2021-001;9773;;;;;
INTERNEXA CHILE S.A.;76073154;VAR-ITXA-2021-001;9774;;;;;
INTERNEXA CHILE S.A.;76073154;VAR-ITXA-2021-001;9875;;;;;
INTERNEXA CHILE S.A.;76073154;VAR-ITXA-2021-001;9876;;;;;
INTERNEXA CHILE S.A.;76073154;VAR-ITXA-2021-001;9877;;;;;
INTERNEXA CHILE S.A.;76073154;VAR-ITXA-2021-001;9878;;;;;
INTERNEXA CHILE S.A.;76073154;VAR-ITXA-2021-001;9978;;;;;
INTERNEXA CHILE S.A.;76073154;VAR-ITXA-2021-001;9979;;;;;
INTERNEXA CHILE S.A.;76073154;VAR-ITXA-2021-001;9980;;;;;
INTERNEXA CHILE S.A.;76073154;VAR-ITXA-2021-001;9981;;;;;
INTERNEXA CHILE S.A.;76073154;VAR-ITXA-2021-001;10082;;;;;
INTERNEXA CHILE S.A.;76073154;VAR-ITXA-2021-001;10083;;;;;
INTERNEXA CHILE S.A.;76073154;VAR-ITXA-2021-001;10084;;;;;
INTERNEXA CHILE S.A.;76073154;VAR-ITXA-2021-001;10085;;;;;
INTERNEXA CHILE S.A.;76073154;VAR-ITXA-2021-001;10196;;;;;
INTERNEXA CHILE S.A.;76073154;VAR-ITXA-2021-001;10197;;;;;
INTERNEXA CHILE S.A.;76073154;VAR-ITXA-2021-001;10198;;;;;
INTERNEXA CHILE S.A.;76073154;VAR-ITXA-2021-001;10199;;;;;
INTERNEXA CHILE S.A.;76073154;VAR-ITXA-2021-001;10307;;;;;
INTERNEXA CHILE S.A.;76073154;VAR-ITXA-2021-001;10308;;;;;
INTERNEXA CHILE S.A.;76073154;VAR-ITXA-2021-001;10309;;;;;
INTERNEXA CHILE S.A.;76073154;VAR-ITXA-2021-001;10310;;;;;
INTERNEXA CHILE S.A.;76073154;VAR-ITXA-2021-001;10415;;;;;
INTERNEXA CHILE S.A.;76073154;VAR-ITXA-2021-001;10416;;;;;
INTERNEXA CHILE S.A.;76073154;VAR-ITXA-2021-001;10417;;;;;
INTERNEXA CHILE S.A.;76073154;VAR-ITXA-2021-001;10418;;;;;
INTERNEXA CHILE S.A.;76073154;VAR-ITXA-2021-001;10534;;;;;
INTERNEXA CHILE S.A.;76073154;VAR-ITXA-2021-001;10535;;;;;
INTERNEXA CHILE S.A.;76073154;VAR-ITXA-2021-001;10536;;;;;
INTERNEXA CHILE S.A.;76073154;VAR-ITXA-2021-001;10537;;;;;
INTERNEXA CHILE S.A.;76073154;VAR-ITXA-2021-001;10635;;;;;
INTERNEXA CHILE S.A.;76073154;VAR-ITXA-2021-001;10637;;;;;
INTERNEXA CHILE S.A.;76073154;VAR-ITXA-2021-001;10642;;;;;
INTERNEXA CHILE S.A.;76073154;VAR-ITXA-2021-001;10661;;;;;
INTERNEXA CHILE S.A.;76073154;VAR-ITXA-2021-001;10751;;;;;
INTERNEXA CHILE S.A.;76073154;VAR-ITXA-2021-001;10752;;;;;
INTERNEXA CHILE S.A.;76073154;VAR-ITXA-2021-001;10753;;;;;
INTERNEXA CHILE S.A.;76073154;VAR-ITXA-2021-001;10754;;;;;
INTERNEXA CHILE S.A.;76073154;VAR-ITXA-2021-001;10854;;;;;
INTERNEXA CHILE S.A.;76073154;VAR-ITXA-2021-001;10855;;;;;
INTERNEXA CHILE S.A.;76073154;VAR-ITXA-2021-001;10856;;;;;
INTERNEXA CHILE S.A.;76073154;VAR-ITXA-2021-001;10857;;;;;
INTERNEXA CHILE S.A.;76073154;VAR-ITXA-2021-001;10989;;;;;
INTERNEXA CHILE S.A.;76073154;VAR-ITXA-2021-001;10990;;;;;
INTERNEXA CHILE S.A.;76073154;VAR-ITXA-2021-001;10991;;;;;
INTERNEXA CHILE S.A.;76073154;VAR-ITXA-2021-001;10992;;;;;
INTERNEXA CHILE S.A.;76073154;VAR-ITXA-2021-001;11128;;;;;
INTERNEXA CHILE S.A.;76073154;VAR-ITXA-2021-001;11129;;;;;
INTERNEXA CHILE S.A.;76073154;VAR-ITXA-2021-001;11130;;;;;
INTERNEXA CHILE S.A.;76073154;VAR-ITXA-2021-001;11131;;;;;
INTERNEXA CHILE S.A.;76073154;VAR-ITXA-2021-001;11236;;;;;
INTERNEXA CHILE S.A.;76073154;VAR-ITXA-2021-001;11237;;;;;
INTERNEXA CHILE S.A.;76073154;VAR-ITXA-2021-001;11238;;;;;
INTERNEXA CHILE S.A.;76073154;VAR-ITXA-2021-001;11239;;;;;
INTERNEXA CHILE S.A.;76073154;VAR-ITXA-2021-001;11357;;;;;
INTERNEXA CHILE S.A.;76073154;VAR-ITXA-2021-001;11358;;;;;
INTERNEXA CHILE S.A.;76073154;VAR-ITXA-2021-001;11359;;;;;
INTERNEXA CHILE S.A.;76073154;VAR-ITXA-2021-001;11360;;;;;
INTERNEXA CHILE S.A.;76073154;VAR-ITXA-2021-001;11395;;;;;
INTERNEXA CHILE S.A.;76073154;VAR-ITXA-2021-001;11481;;;;;
INTERNEXA CHILE S.A.;76073154;VAR-ITXA-2021-001;11482;;;;;
INTERNEXA CHILE S.A.;76073154;VAR-ITXA-2021-001;11483;;;;;
INTERNEXA CHILE S.A.;76073154;VAR-ITXA-2021-001;11484;;;;;
INTERNEXA CHILE S.A.;76073154;VAR-ITXA-2021-001;11612;;;;;
INTERNEXA CHILE S.A.;76073154;VAR-ITXA-2021-001;11613;;;;;
INTERNEXA CHILE S.A.;76073154;VAR-ITXA-2021-001;11614;;;;;
INTERNEXA CHILE S.A.;76073154;VAR-ITXA-2021-001;11615;;;;;
INTERNEXA CHILE S.A.;76073154;VAR-ITXA-2021-001;11740;;;;;
INTERNEXA CHILE S.A.;76073154;VAR-ITXA-2021-001;11741;;;;;
INTERNEXA CHILE S.A.;76073154;VAR-ITXA-2021-001;11742;;;;;
INTERNEXA CHILE S.A.;76073154;VAR-ITXA-2021-001;11743;;;;;
INTERNEXA CHILE S.A.;76073154;VAR-ITXA-2021-001;11776;;;;;
INTERNEXA CHILE S.A.;76073154;VAR-ITXA-2021-001;11777;;;;;
INTERNEXA CHILE S.A.;76073154;VAR-ITXA-2021-001;11778;;;;;
INTERNEXA CHILE S.A.;76073154;VAR-ITXA-2021-001;11880;;;;;
INTERNEXA CHILE S.A.;76073154;VAR-ITXA-2021-001;11881;;;;;
INTERNEXA CHILE S.A.;76073154;VAR-ITXA-2021-001;11882;;;;;
INTERNEXA CHILE S.A.;76073154;VAR-ITXA-2021-001;11883;;;;;
INTERNEXA CHILE S.A.;76073154;VAR-ITXA-2021-001;11884;;;;;
INTERNEXA CHILE S.A.;76073154;VAR-ITXA-2021-001;11885;;;;;
INTERNEXA CHILE S.A.;76073154;VAR-ITXA-2021-001;12017;;;;;
INTERNEXA CHILE S.A.;76073154;VAR-ITXA-2021-001;12018;;;;;
INTERNEXA CHILE S.A.;76073154;VAR-ITXA-2021-001;12019;;;;;
INTERNEXA CHILE S.A.;76073154;VAR-ITXA-2021-001;12020;;;;;
INTERNEXA CHILE S.A.;76073154;VAR-ITXA-2021-001;12021;;;;;
INTERNEXA CHILE S.A.;76073154;VAR-ITXA-2021-001;12022;;;;;
INTERNEXA CHILE S.A.;76073154;VAR-ITXA-2021-001;12152;;;;;
INTERNEXA CHILE S.A.;76073154;VAR-ITXA-2021-001;12153;;;;;
INTERNEXA CHILE S.A.;76073154;VAR-ITXA-2021-001;12154;;;;;
INTERNEXA CHILE S.A.;76073154;VAR-ITXA-2021-001;12155;;;;;
INTERNEXA CHILE S.A.;76073154;VAR-ITXA-2021-001;12156;;;;;
INTERNEXA CHILE S.A.;76073154;VAR-ITXA-2021-001;12157;;;;;
INTERNEXA CHILE S.A.;76073154;VAR-ITXA-2021-001;12303;;;;;
INTERNEXA CHILE S.A.;76073154;VAR-ITXA-2021-001;12304;;;;;
INTERNEXA CHILE S.A.;76073154;VAR-ITXA-2021-001;12305;;;;;
INTERNEXA CHILE S.A.;76073154;VAR-ITXA-2021-001;12306;;;;;
INTERNEXA CHILE S.A.;76073154;VAR-ITXA-2021-001;12307;;;;;
INTERNEXA CHILE S.A.;76073154;VAR-ITXA-2021-001;12308;;;;;
INTERNEXA CHILE S.A.;76073154;VAR-ITXA-2021-001;12443;;;;;
INTERNEXA CHILE S.A.;76073154;VAR-ITXA-2021-001;12444;;;;;
INTERNEXA CHILE S.A.;76073154;VAR-ITXA-2021-001;12445;;;;;
INTERNEXA CHILE S.A.;76073154;VAR-ITXA-2021-001;12446;;;;;
INTERNEXA CHILE S.A.;76073154;VAR-ITXA-2021-001;12447;;;;;
INTERNEXA CHILE S.A.;76073154;VAR-ITXA-2021-001;12448;;;;;
INTERNEXA CHILE S.A.;76073154;VAR-ITXA-2021-001;12572;;;;;
INTERNEXA CHILE S.A.;76073154;VAR-ITXA-2021-001;12573;;;;;
INTERNEXA CHILE S.A.;76073154;VAR-ITXA-2021-001;12574;;;;;
INTERNEXA CHILE S.A.;76073154;VAR-ITXA-2021-001;12575;;;;;
INTERNEXA CHILE S.A.;76073154;VAR-ITXA-2021-001;12576;;;;;
INTERNEXA CHILE S.A.;76073154;VAR-ITXA-2021-001;12577;;;;;
SERVICIO REGISTRO CIVIL;61002000;BOF-RNVM-2023-001;33098;;;;;
SERVICIO REGISTRO CIVIL;61002000;BOF-RNVM-2023-001;33176;;;;;
SERVICIO REGISTRO CIVIL;61002000;BOF-RNVM-2023-001;33256;;;;;
SERVICIO REGISTRO CIVIL;61002000;BOF-RNVM-2023-001;33335;;;;;
SERVICIO REGISTRO CIVIL;61002000;BOF-RNVM-2023-001;33419;;;;;
SERVICIO REGISTRO CIVIL;61002000;BOF-RNVM-2023-001;33501;;;;;
SERVICIO REGISTRO CIVIL;61002000;BOF-RNVM-2023-001;33589;;;;;
SERVICIO REGISTRO CIVIL;61002000;BOF-RNVM-2023-001;33677;;;;;
SERVICIO REGISTRO CIVIL;61002000;BOF-RNVM-2023-001;33782;;;;;
SERVICIO REGISTRO CIVIL;61002000;BOF-RNVM-2023-001;33873;;;;;
SERVICIO REGISTRO CIVIL;61002000;BOF-RNVM-2023-001;33963;;;;;
SERVICIO REGISTRO CIVIL;61002000;BOF-RNVM-2023-001;34046;;;;;
SERVICIO REGISTRO CIVIL;61002000;BOF-RNVM-2023-001;34130;;;;;
SERVICIO REGISTRO CIVIL;61002000;BOF-RNVM-2023-001;34217;;;;;
SERVICIO REGISTRO CIVIL;61002000;BOF-RNVM-2023-001;34422;;;;;
SERVICIO REGISTRO CIVIL;61002000;BOF-RNVM-2023-001;34525;;;;;
SERVICIO REGISTRO CIVIL;61002000;BOF-RNVM-2023-001;34614;;;;;
SERVICIO REGISTRO CIVIL;61002000;BOF-RNVM-2023-001;34670;;;;;
SERVICIO REGISTRO CIVIL;61002000;BOF-RNVM-2023-001;34673;;;;;
SERVICIO REGISTRO CIVIL;61002000;BOF-RNVM-2023-001;34707;;;;;
SERVICIO REGISTRO CIVIL;61002000;BOF-RNVM-2023-001;34799;;;;;
SERVICIO REGISTRO CIVIL;61002000;BOF-RNVM-2023-001;34899;;;;;
SERVICIO REGISTRO CIVIL;61002000;BOF-RNVM-2023-001;34999;;;;;
SERVICIO REGISTRO CIVIL;61002000;BOF-RNVM-2023-001;35089;;;;;
SERVICIOS EQUIFAX CHILE LIMITADA;85896100;BOF-EQUI-2024-001;3738238;;;;;
SERVICIOS EQUIFAX CHILE LIMITADA;85896100;BOF-EQUI-2024-001;3769741;;;;;
SERVICIOS EQUIFAX CHILE LIMITADA;85896100;BOF-EQUI-2024-001;3792555;;;;;
SERVICIOS EQUIFAX CHILE LIMITADA;85896100;BOF-EQUI-2024-001;3814388;;;;;
SOCIEDAD DE RECAUDACION Y PAGOS DE SERVICIOS LTDA.;78053790;BOF-SERV-2024-001;106251;;;;;
SOCIEDAD DE RECAUDACION Y PAGOS DE SERVICIOS LTDA.;78053790;BOF-SERV-2024-001;106903;;;;;
SOCIEDAD DE RECAUDACION Y PAGOS DE SERVICIOS LTDA.;78053790;BOF-SERV-2024-001;107582;;;;;
SOCIEDAD DE RECAUDACION Y PAGOS DE SERVICIOS LTDA.;78053790;BOF-SERV-2024-001;108235;;;;;
SOCIEDAD DE RECAUDACION Y PAGOS DE SERVICIOS LTDA.;78053790;BOF-SERV-2024-001;108869;;;;;
SOCIEDAD DE RECAUDACION Y PAGOS DE SERVICIOS LTDA.;78053790;BOF-SERV-2024-001;109522;;;;;
SOCIEDAD DE RECAUDACION Y PAGOS DE SERVICIOS LTDA.;78053790;BOF-SERV-2024-001;110142;;;;;
SOCIEDAD DE RECAUDACION Y PAGOS DE SERVICIOS LTDA.;78053790;BOF-SERV-2024-001;110805;;;;;
SOCIEDAD DE RECAUDACION Y PAGOS DE SERVICIOS LTDA.;78053790;BOF-SERV-2024-001;111430;;;;;
SOCIEDAD DE RECAUDACION Y PAGOS DE SERVICIOS LTDA.;78053790;BOF-SERV-2024-001;112711;;;;;
SOCIEDAD DE RECAUDACION Y PAGOS DE SERVICIOS LTDA.;78053790;BOF-SERV-2024-001;112866;;;;;
SOCIEDAD DE RECAUDACION Y PAGOS DE SERVICIOS LTDA.;78053790;BOF-SERV-2024-001;113361;;;;;
SOCIEDAD DE RECAUDACION Y PAGOS DE SERVICIOS LTDA.;78053790;BOF-SERV-2024-001;114014;;;;;
SOCIEDAD DE RECAUDACION Y PAGOS DE SERVICIOS LTDA.;78053790;BOF-SERV-2024-001;114705;;;;;
SOCIEDAD DE RECAUDACION Y PAGOS DE SERVICIOS LTDA.;78053790;BOF-SERV-2024-001;115380;;;;;
SOCIEDAD DE RECAUDACION Y PAGOS DE SERVICIOS LTDA.;78053790;BOF-SERV-2024-001;116005;;;;;
SOCIEDAD DE RECAUDACION Y PAGOS DE SERVICIOS LTDA.;78053790;BOF-SERV-2024-001;116131;;;;;
SOCIEDAD DE RECAUDACION Y PAGOS DE SERVICIOS LTDA.;78053790;BOF-SERV-2024-001;116629;;;;;
SOCIEDAD DE RECAUDACION Y PAGOS DE SERVICIOS LTDA.;78053790;BOF-SERV-2024-001;117252;;;;;
SOCIEDAD DE RECAUDACION Y PAGOS DE SERVICIOS LTDA.;78053790;BOF-SERV-2024-001;117922;;;;;
SOCIEDAD DE RECAUDACION Y PAGOS DE SERVICIOS LTDA.;78053790;BOF-SERV-2024-001;118564;;;;;
SOCIEDAD DE RECAUDACION Y PAGOS DE SERVICIOS LTDA.;78053790;BOF-SERV-2024-001;119190;;;;;
SONDA S.A.;83628100;OPE-SOND-2022-001;339874;;;;;
SONDA S.A.;83628100;OPE-SOND-2022-001;343367;;;;;
SONDA S.A.;83628100;OPE-SOND-2022-001;359015;;;;;
SONDA S.A.;83628100;OPE-SOND-2022-001;359016;;;;;
SONDA S.A.;83628100;OPE-SOND-2022-001;359017;;;;;
SONDA S.A.;83628100;OPE-SOND-2022-001;359018;;;;;
SONDA S.A.;83628100;OPE-SOND-2022-001;359019;;;;;
SONDA S.A.;83628100;OPE-SOND-2022-001;359020;;;;;
SONDA S.A.;83628100;OPE-SOND-2022-001;359021;;;;;
SONDA S.A.;83628100;OPE-SOND-2022-001;365121;;;;;
SONDA S.A.;83628100;OPE-SOND-2022-001;365122;;;;;
SONDA S.A.;83628100;OPE-SOND-2022-001;365123;;;;;
UNIRED S.A.;76063653;BOF-UNIR-2024-002;31568;;;;;
UNIRED S.A.;76063653;BOF-UNIR-2024-002;31833;;;;;
UNIRED S.A.;76063653;BOF-UNIR-2024-002;31834;;;;;
UNIRED S.A.;76063653;BOF-UNIR-2024-002;31985;;;;;
UNIRED S.A.;76063653;BOF-UNIR-2024-002;31987;;;;;
UNIRED S.A.;76063653;BOF-UNIR-2024-002;33354;;;;;
UNIRED S.A.;76063653;BOF-UNIR-2024-002;33355;;;;;
UNIRED S.A.;76063653;BOF-UNIR-2024-002;33356;;;;;
UNIRED S.A.;76063653;BOF-UNIR-2024-002;33357;;;;;
UNIRED S.A.;76063653;BOF-UNIR-2024-002;33358;;;;;
UNIRED S.A.;76063653;BOF-UNIR-2024-002;33359;;;;;
UNIRED S.A.;76063653;BOF-UNIR-2024-002;33360;;;;;
UNIRED S.A.;76063653;BOF-UNIR-2024-002;33970;;;;;
UNIRED S.A.;76063653;BOF-UNIR-2024-002;33971;;;;;
UNIRED S.A.;76063653;BOF-UNIR-2024-002;33972;;;;;
UNIRED S.A.;76063653;BOF-UNIR-2024-002;33973;;;;;
UNIRED S.A.;76063653;BOF-UNIR-2024-002;33974;;;;;
UNIRED S.A.;76063653;BOF-UNIR-2024-002;34429;;;;;
UNIRED S.A.;76063653;BOF-UNIR-2024-002;34430;;;;;
UNIRED S.A.;76063653;BOF-UNIR-2024-002;34431;;;;;
UNIRED S.A.;76063653;BOF-UNIR-2024-002;34522;;;;;
UNIRED S.A.;76063653;BOF-UNIR-2022-001;34592;;;;;
UNIRED S.A.;76063653;BOF-UNIR-2024-002;34594;;;;;
UNIRED S.A.;76063653;BOF-UNIR-2022-001;34832;;;;;
UNIRED S.A.;76063653;BOF-UNIR-2024-002;333356;;;;;
UNIRED S.A.;76063653;BOF-UNIR-2024-002;34856;;;;;
UNIRED S.A.;76063653;BOF-UNIR-2022-001;34970;;;;;
UNIRED S.A.;76063653;BOF-UNIR-2022-001;35167;;;;;
UNIRED S.A.;76063653;BOF-UNIR-2024-002;35177;;;;;
BANCO DE CREDITO E INVERSIONES;97006000;ADM-BCII-2021-001;21555728;;;;;
BANCO DE CREDITO E INVERSIONES;97006000;ADM-BCII-2021-001;21555731;;;;;
BANCO DE CREDITO E INVERSIONES;97006000;ADM-BCII-2021-001;21566008;;;;;
BANCO DE CREDITO E INVERSIONES;97006000;ADM-BCII-2021-001;21582150;;;;;
BANCO DE CREDITO E INVERSIONES;97006000;ADM-BCII-2021-001;21675699;;;;;
BANCO DE CREDITO E INVERSIONES;97006000;ADM-BCII-2021-001;21709693;;;;;
BANCO DE CREDITO E INVERSIONES;97006000;ADM-BCII-2021-001;21709694;;;;;
BANCO DE CREDITO E INVERSIONES;97006000;ADM-BCII-2021-001;21709695;;;;;
BANCO DE CREDITO E INVERSIONES;97006000;ADM-BCII-2021-001;21798089;;;;;
BANCO DE CREDITO E INVERSIONES;97006000;ADM-BCII-2021-001;21830360;;;;;
BANCO DE CREDITO E INVERSIONES;97006000;ADM-BCII-2021-001;21830361;;;;;
BANCO DE CREDITO E INVERSIONES;97006000;ADM-BCII-2021-001;21830362;;;;;
BANCO DE CREDITO E INVERSIONES;97006000;ADM-BCII-2021-001;21945426;;;;;
BANCO DE CREDITO E INVERSIONES;97006000;ADM-BCII-2021-001;21945427;;;;;
BANCO DE CREDITO E INVERSIONES;97006000;ADM-BCII-2021-001;21945428;;;;;
BANCO DE CREDITO E INVERSIONES;97006000;ADM-BCII-2021-001;22068204;;;;;
BANCO DE CREDITO E INVERSIONES;97006000;ADM-BCII-2021-001;22068205;;;;;
BANCO DE CREDITO E INVERSIONES;97006000;ADM-BCII-2021-001;22068206;;;;;
BANCO DE CREDITO E INVERSIONES;97006000;ADM-BCII-2021-001;22186811;;;;;
BANCO DE CREDITO E INVERSIONES;97006000;ADM-BCII-2021-001;22186812;;;;;
BANCO DE CREDITO E INVERSIONES;97006000;ADM-BCII-2021-001;22303972;;;;;
BANCO DE CREDITO E INVERSIONES;97006000;ADM-BCII-2021-001;22303973;;;;;
BANCO DE CREDITO E INVERSIONES;97006000;ADM-BCII-2021-001;22501607;;;;;
BANCO DE CREDITO E INVERSIONES;97006000;ADM-BCII-2021-001;22501608;;;;;
BANCO DE CREDITO E INVERSIONES;97006000;ADM-BCII-2021-001;22606647;;;;;
BANCO DE CREDITO E INVERSIONES;97006000;ADM-BCII-2021-001;22606648;;;;;
BANCO DE CREDITO E INVERSIONES;97006000;ADM-BCII-2021-001;22727833;;;;;
BANCO DE CREDITO E INVERSIONES;97006000;ADM-BCII-2021-001;22727834;;;;;
BANCO DE CREDITO E INVERSIONES;97006000;ADM-BCII-2021-001;22844103;;;;;
BANCO DE CREDITO E INVERSIONES;97006000;ADM-BCII-2021-001;22844104;;;;;
BANCO DE CREDITO E INVERSIONES;97006000;ADM-BCII-2021-001;22929234;;;;;
BANCO DE CREDITO E INVERSIONES;97006000;ADM-BCII-2021-001;22929241;;;;;
BANCO DE CREDITO E INVERSIONES;97006000;ADM-BCII-2021-001;22968935;;;;;
BANCO DE CREDITO E INVERSIONES;97006000;ADM-BCII-2021-001;22968936;;;;;
BANCO DE CREDITO E INVERSIONES;97006000;ADM-BCII-2021-001;23054434;;;;;
BANCO DE CREDITO E INVERSIONES;97006000;ADM-BCII-2021-001;23068163;;;;;
BANCO DE CREDITO E INVERSIONES;97006000;ADM-BCII-2021-001;23084130;;;;;
BANCO DE CREDITO E INVERSIONES;97006000;ADM-BCII-2021-001;23084131;;;;;
BANCO DE CREDITO E INVERSIONES;97006000;ADM-BCII-2021-001;25351512;;;;;
BANCO DE CREDITO E INVERSIONES;97006000;ADM-BCII-2021-001;25351517;;;;;
BANCO DE CREDITO E INVERSIONES;97006000;ADM-BCII-2021-001;25677286;;;;;
BANCO DE CREDITO E INVERSIONES;97006000;ADM-BCII-2021-001;25813520;;;;;
BANCO DE CREDITO E INVERSIONES;97006000;ADM-BCII-2021-001;25956188;;;;;
BANCO DE CREDITO E INVERSIONES;97006000;ADM-BCII-2021-001;26066142;;;;;
BANCO DE CREDITO E INVERSIONES;97006000;ADM-BCII-2021-001;26215990;;;;;
BANCO DE CREDITO E INVERSIONES;97006000;ADM-BCII-2021-001;26350140;;;;;
BANCO DE CREDITO E INVERSIONES;97006000;ADM-BCII-2021-001;26472606;;;;;
BANCO DE CREDITO E INVERSIONES;97006000;ADM-BCII-2021-001;26632420;;;;;
BANCO DE CREDITO E INVERSIONES;97006000;ADM-BCII-2021-001;26743357;;;;;
BANCO DE CREDITO E INVERSIONES;97006000;ADM-BCII-2021-001;26885809;;;;;
BANCO DE CREDITO E INVERSIONES;97006000;ADM-BCII-2021-001;26934649;;;;;
BANCO DE CREDITO E INVERSIONES;97006000;ADM-BCII-2021-001;26956424;;;;;
BANCO DE CREDITO E INVERSIONES;97006000;ADM-BCII-2021-001;27025257;;;;;
BANCO DE CREDITO E INVERSIONES;97006000;ADM-BCII-2021-001;27333857;;;;;
BANCO DE CREDITO E INVERSIONES;97006000;ADM-BCII-2021-001;27385184;;;;;
BANCO DE CREDITO E INVERSIONES;97006000;ADM-BCII-2021-001;27157345;;;;;
BANCO DE CREDITO E INVERSIONES;97006000;ADM-BCII-2021-001;27189738;;;;;
BANCO DE CREDITO E INVERSIONES;97006000;ADM-BCII-2021-001;27234869;;;;;
BANCO DE CREDITO E INVERSIONES;97006000;ADM-BCII-2021-001;27234876;;;;;
BANCO DE CREDITO E INVERSIONES;97006000;ADM-BCII-2021-001;27234881;;;;;
BANCO DE CREDITO E INVERSIONES;97006000;ADM-BCII-2021-001;27234887;;;;;
BANCO DE CREDITO E INVERSIONES;97006000;ADM-BCII-2021-001;27234893;;;;;
BANCO DE CREDITO E INVERSIONES;97006000;ADM-BCII-2021-001;27234899;;;;;
FEBOS AMI SPA;76936898;ADM-FEBO-2021-001;892;;;;;
FEBOS AMI SPA;76936898;ADM-FEBO-2021-001;1068;;;;;
FEBOS AMI SPA;76936898;ADM-FEBO-2021-001;1091;;;;;
FEBOS AMI SPA;76936898;ADM-FEBO-2021-001;1182;;;;;
FEBOS AMI SPA;76936898;ADM-FEBO-2021-001;1254;;;;;
FEBOS AMI SPA;76936898;ADM-FEBO-2021-001;1255;;;;;
FEBOS AMI SPA;76936898;ADM-FEBO-2021-001;1288;;;;;
FEBOS AMI SPA;76936898;ADM-FEBO-2021-001;1319;;;;;
FEBOS AMI SPA;76936898;ADM-FEBO-2021-001;1343;;;;;
FEBOS AMI SPA;76936898;ADM-FEBO-2021-001;1387;;;;;
FEBOS AMI SPA;76936898;ADM-FEBO-2021-001;1458;;;;;
FEBOS AMI SPA;76936898;ADM-FEBO-2021-001;1512;;;;;
FEBOS AMI SPA;76936898;ADM-FEBO-2021-001;1570;;;;;
FEBOS AMI SPA;76936898;ADM-FEBO-2021-001;1657;;;;;
FEBOS AMI SPA;76936898;ADM-FEBO-2021-001;1689;;;;;
FEBOS AMI SPA;76936898;ADM-FEBO-2021-001;211;;;;;
FEBOS AMI SPA;76936898;ADM-FEBO-2021-001;212;;;;;
FEBOS AMI SPA;76936898;ADM-FEBO-2021-001;267;;;;;
FEBOS AMI SPA;76936898;ADM-FEBO-2021-001;317;;;;;
FEBOS AMI SPA;76936898;ADM-FEBO-2021-001;383;;;;;
FEBOS AMI SPA;76936898;ADM-FEBO-2021-001;463;;;;;
FEBOS AMI SPA;76936898;ADM-FEBO-2021-001;534;;;;;
FEBOS AMI SPA;76936898;ADM-FEBO-2021-001;568;;;;;
FEBOS AMI SPA;76936898;ADM-FEBO-2021-001;634;;;;;
FEBOS AMI SPA;76936898;ADM-FEBO-2021-001;691;;;;;
FEBOS AMI SPA;76936898;ADM-FEBO-2021-001;759;;;;;
FEBOS AMI SPA;76936898;ADM-FEBO-2021-001;823;;;;;
FEBOS AMI SPA;76936898;ADM-FEBO-2021-001;930;;;;;
FEBOS AMI SPA;76936898;ADM-FEBO-2021-001;987;;;;;
FEBOS AMI SPA;76936898;ADM-FEBO-2021-001;1455;;;;;
FEBOS AMI SPA;76936898;ADM-FEBO-2021-001;1093;;;;;
FEBOS AMI SPA;76936898;ADM-FEBO-2021-001;1193;;;;;
FEBOS AMI SPA;76936898;ADM-FEBO-2021-001;1289;;;;;
FEBOS AMI SPA;76936898;ADM-FEBO-2021-001;1371;;;;;
FEBOS AMI SPA;76936898;ADM-FEBO-2021-001;1436;;;;;
FEBOS AMI SPA;76936898;ADM-FEBO-2021-001;1602;;;;;
FEBOS AMI SPA;76936898;ADM-FEBO-2021-001;1681;;;;;
FEBOS AMI SPA;76936898;ADM-FEBO-2021-001;1770;;;;;
MANAGER SOFTWARE S.A.;79936340;ADM-MANA-2022-001;196825;;;;;
MANAGER SOFTWARE S.A.;79936340;ADM-MANA-2022-001;199512;;;;;
MANAGER SOFTWARE S.A.;79936340;ADM-MANA-2022-001;200067;;;;;
MANAGER SOFTWARE S.A.;79936340;ADM-MANA-2022-001;201739;;;;;
MANAGER SOFTWARE S.A.;79936340;ADM-MANA-2022-001;203352;;;;;
MANAGER SOFTWARE S.A.;79936340;ADM-MANA-2022-001;206342;;;;;
MANAGER SOFTWARE S.A.;79936340;ADM-MANA-2022-001;207797;;;;;
MANAGER SOFTWARE S.A.;79936340;ADM-MANA-2022-001;210828;;;;;
MANAGER SOFTWARE S.A.;79936340;ADM-MANA-2022-001;214619;;;;;
MANAGER SOFTWARE S.A.;79936340;ADM-MANA-2022-001;215605;;;;;
MANAGER SOFTWARE S.A.;79936340;ADM-MANA-2022-001;217039;;;;;
MANAGER SOFTWARE S.A.;79936340;ADM-MANA-2022-001;218708;;;;;
MANAGER SOFTWARE S.A.;79936340;ADM-MANA-2022-001;220260;;;;;
MANAGER SOFTWARE S.A.;79936340;ADM-MANA-2022-001;222297;;;;;
MANAGER SOFTWARE S.A.;79936340;ADM-MANA-2022-001;223871;;;;;
MANAGER SOFTWARE S.A.;79936340;ADM-MANA-2022-001;226068;;;;;
MANAGER SOFTWARE S.A.;79936340;ADM-MANA-2022-001;227957;;;;;
MANAGER SOFTWARE S.A.;79936340;ADM-MANA-2022-001;229852;;;;;
MANAGER SOFTWARE S.A.;79936340;ADM-MANA-2022-001;232027;;;;;
MANAGER SOFTWARE S.A.;79936340;ADM-MANA-2022-001;233254;;;;;
MANAGER SOFTWARE S.A.;79936340;ADM-MANA-2022-001;235170;;;;;
MANAGER SOFTWARE S.A.;79936340;ADM-MANA-2022-001;237976;;;;;
MANAGER SOFTWARE S.A.;79936340;ADM-MANA-2022-001;239786;;;;;
MANAGER SOFTWARE S.A.;79936340;ADM-MANA-2022-001;240673;;;;;
MANAGER SOFTWARE S.A.;79936340;ADM-MANA-2022-001;243677;;;;;
MANAGER SOFTWARE S.A.;79936340;ADM-MANA-2022-001;244271;;;;;
MANAGER SOFTWARE S.A.;79936340;ADM-MANA-2022-001;246819;;;;;
MANAGER SOFTWARE S.A.;79936340;ADM-MANA-2022-001;247846;;;;;
MANAGER SOFTWARE S.A.;79936340;ADM-MANA-2022-001;249299;;;;;
MANAGER SOFTWARE S.A.;79936340;ADM-MANA-2022-001;251708;;;;;
MANAGER SOFTWARE S.A.;79936340;ADM-MANA-2022-001;253086;;;;;
MANAGER SOFTWARE S.A.;79936340;ADM-MANA-2022-001;255166;;;;;
MANAGER SOFTWARE S.A.;79936340;ADM-MANA-2022-001;257403;;;;;
MANAGER SOFTWARE S.A.;79936340;ADM-MANA-2022-001;258834;;;;;
MANAGER SOFTWARE S.A.;79936340;ADM-MANA-2022-001;261076;;;;;
MANAGER SOFTWARE S.A.;79936340;ADM-MANA-2022-001;263752;;;;;
MANAGER SOFTWARE S.A.;79936340;ADM-MANA-2022-001;265559;;;;;
MANAGER SOFTWARE S.A.;79936340;ADM-MANA-2022-001;267350;;;;;
MANAGER SOFTWARE S.A.;79936340;ADM-MANA-2022-001;270894;;;;;
MANAGER SOFTWARE S.A.;79936340;ADM-MANA-2022-001;271450;;;;;
MANAGER SOFTWARE S.A.;79936340;ADM-MANA-2022-001;274487;;;;;
MANAGER SOFTWARE S.A.;79936340;ADM-MANA-2022-001;274488;;;;;
MANAGER SOFTWARE S.A.;79936340;ADM-MANA-2022-001;276272;;;;;
MANAGER SOFTWARE S.A.;79936340;ADM-MANA-2022-001;269143;;;;;
MANAGER SOFTWARE S.A.;79936340;ADM-MANA-2022-001;276273;;;;;
PRICEWATERHOUSECOOPERS CONSULTORES AUDITORES SPA;81513400;FIN-PWCC-2024-002;20821;;;;;
PRICEWATERHOUSECOOPERS CONSULTORES AUDITORES SPA;81513400;FIN-PWCC-2024-002;20822;;;;;
PRICEWATERHOUSECOOPERS CONSULTORES AUDITORES SPA;81513400;FIN-PWCC-2024-002;20949;;;;;
PRICEWATERHOUSECOOPERS CONSULTORES AUDITORES SPA;81513400;FIN-PWCC-2024-002;22058;;;;;
PRICEWATERHOUSECOOPERS CONSULTORES AUDITORES SPA;81513400;FIN-PWCC-2024-002;22585;;;;;
PRICEWATERHOUSECOOPERS CONSULTORES AUDITORES SPA;81513400;FIN-PWCC-2024-002;23807;;;;;
PRICEWATERHOUSECOOPERS CONSULTORES AUDITORES SPA;81513400;FIN-PWCC-2024-002;24280;;;;;
PRICEWATERHOUSECOOPERS CONSULTORES AUDITORES SPA;81513400;FIN-PWCC-2024-002;24922;;;;;
PRICEWATERHOUSECOOPERS CONSULTORES AUDITORES SPA;81513400;FIN-PWCC-2024-002;24952;;;;;
PRICEWATERHOUSECOOPERS CONSULTORES AUDITORES SPA;81513400;FIN-PWCC-2024-002;25180;;;;;
PRICEWATERHOUSECOOPERS CONSULTORES AUDITORES SPA;81513400;FIN-PWCC-2024-002;25610;;;;;
PRICEWATERHOUSECOOPERS CONSULTORES AUDITORES SPA;81513400;FIN-PWCC-2024-002;26674;;;;;
PRICEWATERHOUSECOOPERS CONSULTORES AUDITORES SPA;81513400;FIN-PWCC-2024-002;26877;;;;;
PRICEWATERHOUSECOOPERS CONSULTORES AUDITORES SPA;81513400;FIN-PWCC-2024-002;29073;;;;;
PRICEWATERHOUSECOOPERS CONSULTORES AUDITORES SPA;81513400;FIN-PWCC-2024-002;29428;;;;;
PRICEWATERHOUSECOOPERS CONSULTORES AUDITORES SPA;81513400;FIN-PWCC-2024-002;31116;;;;;
PRICEWATERHOUSECOOPERS CONSULTORES AUDITORES SPA;81513400;FIN-PWCC-2024-002;31151;;;;;
PRICEWATERHOUSECOOPERS CONSULTORES AUDITORES SPA;81513400;FIN-PWCC-2024-002;32042;;;;;
PRICEWATERHOUSECOOPERS CONSULTORES AUDITORES SPA;81513400;FIN-PWCC-2024-002;34022;;;;;
PRICEWATERHOUSECOOPERS CONSULTORES AUDITORES SPA;81513400;FIN-PWCC-2024-002;34332;;;;;
PRICEWATERHOUSECOOPERS CONSULTORES AUDITORES SPA;81513400;FIN-PWCC-2024-002;34717;;;;;
PRICEWATERHOUSECOOPERS CONSULTORES AUDITORES SPA;81513400;FIN-PWCC-2024-002;34900;;;;;
PRICEWATERHOUSECOOPERS CONSULTORES AUDITORES SPA;81513400;FIN-PWCC-2024-002;35179;;;;;
PRICEWATERHOUSECOOPERS CONSULTORES AUDITORES SPA;81513400;FIN-PWCC-2024-002;35180;;;;;
PRICEWATERHOUSECOOPERS CONSULTORES AUDITORES SPA;81513400;FIN-PWCC-2024-002;36841;;;;;
PRICEWATERHOUSECOOPERS CONSULTORES AUDITORES SPA;81513400;FIN-PWCC-2024-002;37397;;;;;
PRICEWATERHOUSECOOPERS CONSULTORES AUDITORES SPA;81513400;FIN-PWCC-2024-002;37717;;;;;
PRICEWATERHOUSECOOPERS CONSULTORES AUDITORES SPA;81513400;FIN-PWCC-2024-002;38404;;;;;
PRICEWATERHOUSECOOPERS CONSULTORES AUDITORES SPA;81513400;FIN-PWCC-2024-002;38405;;;;;
PRICEWATERHOUSECOOPERS CONSULTORES AUDITORES SPA;81513400;FIN-PWCC-2024-002;38421;;;;;
PRICEWATERHOUSECOOPERS CONSULTORES AUDITORES SPA;81513400;FIN-PWCC-2024-002;39654;;;;;
PRICEWATERHOUSECOOPERS CONSULTORES AUDITORES SPA;81513400;FIN-PWCC-2024-002;39655;;;;;
PRICEWATERHOUSECOOPERS CONSULTORES AUDITORES SPA;81513400;FIN-PWCC-2024-002;41262;;;;;
PRICEWATERHOUSECOOPERS CONSULTORES AUDITORES SPA;81513400;FIN-PWCC-2024-002;41380;;;;;
PRICEWATERHOUSECOOPERS CONSULTORES AUDITORES SPA;81513400;FIN-PWCC-2024-002;42419;;;;;
PRICEWATERHOUSECOOPERS CONSULTORES AUDITORES SPA;81513400;FIN-PWCC-2024-002;43316;;;;;
PRICEWATERHOUSECOOPERS CONSULTORES AUDITORES SPA;81513400;FIN-PWCC-2024-002;44203;;;;;
PRICEWATERHOUSECOOPERS CONSULTORES AUDITORES SPA;81513400;FIN-PWCC-2024-002;44542;;;;;
PRICEWATERHOUSECOOPERS CONSULTORES AUDITORES SPA;81513400;FIN-PWCC-2024-002;45012;;;;;
PRICEWATERHOUSECOOPERS CONSULTORES AUDITORES SPA;81513400;FIN-PWCC-2024-002;45013;;;;;
PRICEWATERHOUSECOOPERS CONSULTORES AUDITORES SPA;81513400;FIN-PWCC-2024-002;47397;;;;;
PRICEWATERHOUSECOOPERS CONSULTORES AUDITORES SPA;81513400;FIN-PWCC-2024-002;47398;;;;;
PRICEWATERHOUSECOOPERS CONSULTORES AUDITORES SPA;81513400;FIN-PWCC-2024-002;47707;;;;;
PRICEWATERHOUSECOOPERS CONSULTORES AUDITORES SPA;81513400;FIN-PWCC-2024-002;49412;;;;;
PRICEWATERHOUSECOOPERS CONSULTORES AUDITORES SPA;81513400;FIN-PWCC-2024-002;50223;;;;;
PRICEWATERHOUSECOOPERS CONSULTORES AUDITORES SPA;81513400;FIN-PWCC-2024-002;50670;;;;;
PRICEWATERHOUSECOOPERS CONSULTORES AUDITORES SPA;81513400;FIN-PWCC-2024-002;50673;;;;;
PRICEWATERHOUSECOOPERS CONSULTORES AUDITORES SPA;81513400;FIN-PWCC-2024-002;51232;;;;;
PRICEWATERHOUSECOOPERS CONSULTORES AUDITORES SPA;81513400;FIN-PWCC-2024-002;51558;;;;;
PRICEWATERHOUSECOOPERS CONSULTORES AUDITORES SPA;81513400;FIN-PWCC-2024-002;51870;;;;;
PRICEWATERHOUSECOOPERS CONSULTORES AUDITORES SPA;81513400;FIN-PWCC-2024-002;51871;;;;;
PRICEWATERHOUSECOOPERS CONSULTORES AUDITORES SPA;81513400;FIN-PWCC-2024-002;53592;;;;;
PRICEWATERHOUSECOOPERS CONSULTORES AUDITORES SPA;81513400;FIN-PWCC-2024-002;53593;;;;;
PRICEWATERHOUSECOOPERS CONSULTORES AUDITORES SPA;81513400;FIN-PWCC-2024-002;55805;;;;;
PRICEWATERHOUSECOOPERS CONSULTORES AUDITORES SPA;81513400;FIN-PWCC-2024-002;55806;;;;;
PRICEWATERHOUSECOOPERS CONSULTORES AUDITORES SPA;81513400;FIN-PWCC-2024-002;58861;;;;;
PRICEWATERHOUSECOOPERS CONSULTORES AUDITORES SPA;81513400;FIN-PWCC-2024-002;58862;;;;;
PRICEWATERHOUSECOOPERS CONSULTORES AUDITORES SPA;81513400;FIN-PWCC-2024-002;59289;;;;;
PRICEWATERHOUSECOOPERS CONSULTORES AUDITORES SPA;81513400;FIN-PWCC-2024-002;59290;;;;;
PRICEWATERHOUSECOOPERS CONSULTORES AUDITORES SPA;81513400;FIN-PWCC-2024-002;59291;;;;;
PRICEWATERHOUSECOOPERS CONSULTORES AUDITORES SPA;81513400;FIN-PWCC-2024-002;61179;;;;;
PRICEWATERHOUSECOOPERS CONSULTORES AUDITORES SPA;81513400;FIN-PWCC-2024-002;62673;;;;;
PRICEWATERHOUSECOOPERS CONSULTORES AUDITORES SPA;81513400;FIN-PWCC-2024-002;62674;;;;;
PRICEWATERHOUSECOOPERS CONSULTORES AUDITORES SPA;81513400;FIN-PWCC-2024-002;62675;;;;;
PRICEWATERHOUSECOOPERS CONSULTORES AUDITORES SPA;81513400;FIN-PWCC-2024-002;62907;;;;;
PRICEWATERHOUSECOOPERS CONSULTORES AUDITORES SPA;81513400;FIN-PWCC-2024-002;63763;;;;;
GRAFTON SUPPORT SERVICES S A;96816540;RRH-GRAF-2024-001;8512;;;;;
GRAFTON SUPPORT SERVICES S A;96816540;RRH-GRAF-2024-001;8592;;;;;
GRAFTON SUPPORT SERVICES S A;96816540;RRH-GRAF-2024-001;8632;;;;;
GRAFTON SUPPORT SERVICES S A;96816540;RRH-GRAF-2024-001;8710;;;;;
GRAFTON SUPPORT SERVICES S A;96816540;RRH-GRAF-2024-001;8741;;;;;
GRAFTON SUPPORT SERVICES S A;96816540;RRH-GRAF-2024-001;8825;;;;;
GRAFTON SUPPORT SERVICES S A;96816540;RRH-GRAF-2024-001;8853;;;;;
GRAFTON SUPPORT SERVICES S A;96816540;RRH-GRAF-2024-001;8854;;;;;
GRAFTON SUPPORT SERVICES S A;96816540;RRH-GRAF-2024-001;8922;;;;;
GRAFTON SUPPORT SERVICES S A;96816540;RRH-GRAF-2024-001;9015;;;;;
GRAFTON SUPPORT SERVICES S A;96816540;RRH-GRAF-2024-001;9058;;;;;
GRAFTON SUPPORT SERVICES S A;96816540;RRH-GRAF-2024-001;9092;;;;;
GRAFTON SUPPORT SERVICES S A;96816540;RRH-GRAF-2024-001;9096;;;;;
GRAFTON SUPPORT SERVICES S A;96816540;RRH-GRAF-2024-001;9206;;;;;
GRAFTON SUPPORT SERVICES S A;96816540;RRH-GRAF-2024-001;9252;;;;;
GRAFTON SUPPORT SERVICES S A;96816540;RRH-GRAF-2024-001;9269;;;;;
GRAFTON SUPPORT SERVICES S A;96816540;RRH-GRAF-2024-001;9393;;;;;
GRAFTON SUPPORT SERVICES S A;96816540;RRH-GRAF-2024-001;9491;;;;;
GRAFTON SUPPORT SERVICES S A;96816540;RRH-GRAF-2024-001;9507;;;;;
GRAFTON SUPPORT SERVICES S A;96816540;RRH-GRAF-2024-001;9578;;;;;
GRAFTON SUPPORT SERVICES S A;96816540;RRH-GRAF-2024-001;9270;;;;;
GRAFTON SUPPORT SERVICES S A;96816540;RRH-GRAF-2024-001;9423;;;;;
GRAFTON SUPPORT SERVICES S A;96816540;RRH-GRAF-2024-001;9567;;;;;
GRAFTON SUPPORT SERVICES S A;96816540;RRH-GRAF-2024-001;9600;;;;;
TEMPLEA CONSULTORES SPA;77153458;ADM-TEMP-2023-001;100;;;;;
TEMPLEA CONSULTORES SPA;77153458;ADM-TEMP-2023-001;101;;;;;
TEMPLEA CONSULTORES SPA;77153458;ADM-TEMP-2023-001;104;;;;;
TEMPLEA CONSULTORES SPA;77153458;ADM-TEMP-2023-001;106;;;;;
TEMPLEA CONSULTORES SPA;77153458;ADM-TEMP-2023-001;108;;;;;
TEMPLEA CONSULTORES SPA;77153458;ADM-TEMP-2023-001;111;;;;;
TEMPLEA CONSULTORES SPA;77153458;ADM-TEMP-2023-001;113;;;;;
TEMPLEA CONSULTORES SPA;77153458;ADM-TEMP-2023-001;116;;;;;
TEMPLEA CONSULTORES SPA;77153458;ADM-TEMP-2023-001;118;;;;;
TEMPLEA CONSULTORES SPA;77153458;ADM-TEMP-2023-001;119;;;;;
TEMPLEA CONSULTORES SPA;77153458;ADM-TEMP-2023-001;121;;;;;
TEMPLEA CONSULTORES SPA;77153458;ADM-TEMP-2023-001;122;;;;;
TEMPLEA CONSULTORES SPA;77153458;ADM-TEMP-2023-001;123;;;;;
TEMPLEA CONSULTORES SPA;77153458;ADM-TEMP-2023-001;124;;;;;
TEMPLEA CONSULTORES SPA;77153458;ADM-TEMP-2023-001;136;;;;;
TEMPLEA CONSULTORES SPA;77153458;ADM-TEMP-2023-001;129;;;;;
ALBAGLI ZALIASNIK S.A;78141380;LEG-ALBA-2024-001;5804;;;;;
SERVICIOS JURIDICOS  BUDASIS LIMITADA;76607630;LEG-BUDA-2024-001;8698;;;;;
SERVICIOS JURIDICOS  BUDASIS LIMITADA;76607630;LEG-BUDA-2024-001;8777;;;;;
SERVICIOS JURIDICOS  BUDASIS LIMITADA;76607630;LEG-BUDA-2024-001;8448;;;;;
SERVICIOS JURIDICOS  BUDASIS LIMITADA;76607630;LEG-BUDA-2024-001;8450;;;;;
SERVICIOS JURIDICOS  BUDASIS LIMITADA;76607630;LEG-BUDA-2024-001;8588;;;;;
SERVICIOS JURIDICOS  BUDASIS LIMITADA;76607630;LEG-BUDA-2024-001;8644;;;;;
LARRAIN Y COMPANIA ABOGADOS LIMITADA;78524860;LEG-LARR-2024-001;31512;;;;;
LARRAIN Y COMPANIA ABOGADOS LIMITADA;78524860;LEG-LARR-2024-001;31710;;;;;
GONZALEZ  DOMEYKO LIMITADA;76286375;LEG-DOME-2024-001;1504;;;;;
GONZALEZ  DOMEYKO LIMITADA;76286375;LEG-DOME-2024-001;1719;;;;;
GONZALEZ  DOMEYKO LIMITADA;76286375;LEG-DOME-2024-001;1743;;;;;
GONZALEZ  DOMEYKO LIMITADA;76286375;LEG-DOME-2024-001;1761;;;;;
GONZALEZ  DOMEYKO LIMITADA;76286375;LEG-DOME-2024-001;1768;;;;;
GONZALEZ  DOMEYKO LIMITADA;76286375;LEG-DOME-2024-001;1786;;;;;
GARRIGUES CHILE LTDA;77834700;CON-GARR-2024-001;16021;;;;;
GARRIGUES CHILE LTDA;77834700;CON-GARR-2024-001;16493;;;;;
GARRIGUES CHILE LTDA;77834700;CON-GARR-2024-001;16842;;;;;
GARRIGUES CHILE LTDA;77834700;CON-GARR-2024-001;17049;;;;;
LARRAIN Y COMPANIA ABOGADOS LIMITADA;78524860;No Contract;24867;;;;;
SERVICIOS JURIDICOS  BUDASIS LIMITADA;76607630;PO6624;8778;;;;;
SERVICIOS JURIDICOS  BUDASIS LIMITADA;76607630;LEG-BUDA-2024-001;8563;;;;;
SERVICIOS JURIDICOS  BUDASIS LIMITADA;76607630;LEG-BUDA-2024-001;8817;;;;;
SERVICIOS JURIDICOS  BUDASIS LIMITADA;76607630;LEG-BUDA-2024-001;8876;;;;;
SERVICIOS JURIDICOS  BUDASIS LIMITADA;76607630;LEG-BUDA-2024-001;8895;;;;;
SERVICIOS JURIDICOS  BUDASIS LIMITADA;76607630;LEG-BUDA-2024-001;8933;;;;;
SERVICIOS JURIDICOS  BUDASIS LIMITADA;76607630;LEG-BUDA-2024-001;8934;;;;;
SERVICIOS JURIDICOS  BUDASIS LIMITADA;76607630;LEG-BUDA-2024-001;8939;;;;;
SERVICIOS JURIDICOS  BUDASIS LIMITADA;76607630;LEG-BUDA-2024-001;8940;;;;;
SERVICIOS JURIDICOS  BUDASIS LIMITADA;76607630;LEG-BUDA-2024-001;8995;;;;;
SERVICIOS JURIDICOS  BUDASIS LIMITADA;76607630;LEG-BUDA-2024-001;9012;;;;;
GONZALEZ  DOMEYKO LIMITADA;76286375;LEG-DOME-2024-001;1802;;;;;
GONZALEZ  DOMEYKO LIMITADA;76286375;LEG-DOME-2024-001;1812;;;;;
GONZALEZ  DOMEYKO LIMITADA;76286375;LEG-DOME-2024-001;1821;;;;;
GONZALEZ  DOMEYKO LIMITADA;76286375;LEG-DOME-2024-001;1841;;;;;
INGENIERIA GESTION Y CONTROL S.A.;96938860;VAR-IGYC-2021-001;113;;CON;Initial Payment Clause 16.2;;
INGENIERIA GESTION Y CONTROL S.A.;96938860;VAR-IGYC-2021-001;114;;SERVICE ORDER;;;
INGENIERIA GESTION Y CONTROL S.A.;96938860;VAR-IGYC-2021-001;115;;SERVICE ORDER;;;
INGENIERIA GESTION Y CONTROL S.A.;96938860;VAR-IGYC-2021-001;117;;SERVICE ORDER;;;
INGENIERIA GESTION Y CONTROL S.A.;96938860;VAR-IGYC-2021-001;119;;SERVICE ORDER;;;
INGENIERIA GESTION Y CONTROL S.A.;96938860;VAR-IGYC-2021-001;120;;SERVICE ORDER;;;
INGENIERIA GESTION Y CONTROL S.A.;96938860;VAR-IGYC-2021-001;121;;SERVICE ORDER;;;
INGENIERIA GESTION Y CONTROL S.A.;96938860;VAR-IGYC-2021-001;122;;SERVICE ORDER;;;
INGENIERIA GESTION Y CONTROL S.A.;96938860;VAR-IGYC-2021-001;123;;SERVICE ORDER;;;
INGENIERIA GESTION Y CONTROL S.A.;96938860;VAR-IGYC-2021-001;126;;SERVICE ORDER;;;
INGENIERIA GESTION Y CONTROL S.A.;96938860;VAR-IGYC-2021-001;127;;SERVICE ORDER;;;
INGENIERIA GESTION Y CONTROL S.A.;96938860;VAR-IGYC-2021-001;129;;CON;Operation Services + Management Support;;
INGENIERIA GESTION Y CONTROL S.A.;96938860;VAR-IGYC-2021-001;130;;CON;Own Services PMO;;
INGENIERIA GESTION Y CONTROL S.A.;96938860;VAR-IGYC-2021-001;131;;SERVICE ORDER;;;
INGENIERIA GESTION Y CONTROL S.A.;96938860;VAR-IGYC-2021-001;134;;CON;Initial Payment Clause 16.2;;
INGENIERIA GESTION Y CONTROL S.A.;96938860;VAR-IGYC-2021-001;134;;CON;Operation Services + Management Support;;
INGENIERIA GESTION Y CONTROL S.A.;96938860;VAR-IGYC-2021-001;135;;CON;Own Services PMO;;
INGENIERIA GESTION Y CONTROL S.A.;96938860;VAR-IGYC-2021-001;137;;SERVICE ORDER;;;
INGENIERIA GESTION Y CONTROL S.A.;96938860;VAR-IGYC-2021-001;139;;CON;Operation Services + Management Support;;
INGENIERIA GESTION Y CONTROL S.A.;96938860;VAR-IGYC-2021-001;139;;SERVICE ORDER;;;
INGENIERIA GESTION Y CONTROL S.A.;96938860;VAR-IGYC-2021-001;140;;CON;Own Services PMO;;
INGENIERIA GESTION Y CONTROL S.A.;96938860;VAR-IGYC-2021-001;141;;CON;Operation Services + Management Support;;
INGENIERIA GESTION Y CONTROL S.A.;96938860;VAR-IGYC-2021-001;142;;CON;Own Services PMO;;
INGENIERIA GESTION Y CONTROL S.A.;96938860;VAR-IGYC-2021-001;143;;SERVICE ORDER;;;
INGENIERIA GESTION Y CONTROL S.A.;96938860;VAR-IGYC-2021-001;144;;CON;Operation Services + Management Support;;
INGENIERIA GESTION Y CONTROL S.A.;96938860;VAR-IGYC-2021-001;144;;CON;Operation Services + Management Support;;
INGENIERIA GESTION Y CONTROL S.A.;96938860;VAR-IGYC-2021-001;145;;CON;Own Services PMO;;
INGENIERIA GESTION Y CONTROL S.A.;96938860;VAR-IGYC-2021-001;145;;CON;Own Services PMO;;
INGENIERIA GESTION Y CONTROL S.A.;96938860;VAR-IGYC-2021-001;146;;SERVICE ORDER;;;
INGENIERIA GESTION Y CONTROL S.A.;96938860;VAR-IGYC-2021-001;147;;CON;Operation Services;;
INGENIERIA GESTION Y CONTROL S.A.;96938860;VAR-IGYC-2021-001;148;;CON;Management Support Service;;
INGENIERIA GESTION Y CONTROL S.A.;96938860;VAR-IGYC-2021-001;149;;CON;Operation Services + Management Support;;
INGENIERIA GESTION Y CONTROL S.A.;96938860;VAR-IGYC-2021-001;149;;CON;Own Services PMO;;
INGENIERIA GESTION Y CONTROL S.A.;96938860;VAR-IGYC-2021-001;150;;CON;Own Services PMO;;
INGENIERIA GESTION Y CONTROL S.A.;96938860;VAR-IGYC-2021-001;150;;SERVICE ORDER;;;
INGENIERIA GESTION Y CONTROL S.A.;96938860;VAR-IGYC-2021-001;151;;SERVICE ORDER;;;
INGENIERIA GESTION Y CONTROL S.A.;96938860;VAR-IGYC-2021-001;154;;CON;Operation Services;;
INGENIERIA GESTION Y CONTROL S.A.;96938860;VAR-IGYC-2021-001;155;;CON;Management Support;;
INGENIERIA GESTION Y CONTROL S.A.;96938860;VAR-IGYC-2021-001;156;;CON;Operation Services + Management Support;;
INGENIERIA GESTION Y CONTROL S.A.;96938860;VAR-IGYC-2021-001;156;;CON;Own Services PMO;;
INGENIERIA GESTION Y CONTROL S.A.;96938860;VAR-IGYC-2021-001;157;;CON;Own Services PMO;;
INGENIERIA GESTION Y CONTROL S.A.;96938860;VAR-IGYC-2021-001;158;;SERVICE ORDER;;;
INGENIERIA GESTION Y CONTROL S.A.;96938860;VAR-IGYC-2021-001;159;;SERVICE ORDER;;;
INGENIERIA GESTION Y CONTROL S.A.;96938860;VAR-IGYC-2021-001;160;;SERVICE ORDER;;;
INGENIERIA GESTION Y CONTROL S.A.;96938860;VAR-IGYC-2021-001;162;;CON;Operation Services + Management Support;;
INGENIERIA GESTION Y CONTROL S.A.;96938860;VAR-IGYC-2021-001;163;;CON;Own Services PMO;;
INGENIERIA GESTION Y CONTROL S.A.;96938860;VAR-IGYC-2021-001;163;;CON;Operation Services;;
INGENIERIA GESTION Y CONTROL S.A.;96938860;VAR-IGYC-2021-001;164;;CON;Management Support;;
INGENIERIA GESTION Y CONTROL S.A.;96938860;VAR-IGYC-2021-001;165;;CON;Own Services PMO;;
INGENIERIA GESTION Y CONTROL S.A.;96938860;VAR-IGYC-2021-001;166;;SERVICE ORDER;;;
INGENIERIA GESTION Y CONTROL S.A.;96938860;VAR-IGYC-2021-001;167;;CON;Own Services PMO;;
INGENIERIA GESTION Y CONTROL S.A.;96938860;VAR-IGYC-2021-001;167;;SERVICE ORDER;;;
INGENIERIA GESTION Y CONTROL S.A.;96938860;VAR-IGYC-2021-001;168;;CON;Operation Services + Management Support;;
INGENIERIA GESTION Y CONTROL S.A.;96938860;VAR-IGYC-2021-001;168;;CON;Management Support;;
INGENIERIA GESTION Y CONTROL S.A.;96938860;VAR-IGYC-2021-001;170;;CON;Management Support;;
INGENIERIA GESTION Y CONTROL S.A.;96938860;VAR-IGYC-2021-001;171;;CON;Management Support;;
INGENIERIA GESTION Y CONTROL S.A.;96938860;VAR-IGYC-2021-001;173;;CON;Operation Services + Management Support;;
INGENIERIA GESTION Y CONTROL S.A.;96938860;VAR-IGYC-2021-001;173;;CON;Operation Services;;
INGENIERIA GESTION Y CONTROL S.A.;96938860;VAR-IGYC-2021-001;174;;CON;Own Services PMO;;
INGENIERIA GESTION Y CONTROL S.A.;96938860;VAR-IGYC-2021-001;174;;CON;Own Services PMO;;
INGENIERIA GESTION Y CONTROL S.A.;96938860;VAR-IGYC-2021-001;175;;SERVICE ORDER;;;
INGENIERIA GESTION Y CONTROL S.A.;96938860;VAR-IGYC-2021-001;176;;SERVICE ORDER;;;
INGENIERIA GESTION Y CONTROL S.A.;96938860;VAR-IGYC-2021-001;177;;SERVICE ORDER;;;
INGENIERIA GESTION Y CONTROL S.A.;96938860;VAR-IGYC-2021-001;178;;CON;Operation Services;;
INGENIERIA GESTION Y CONTROL S.A.;96938860;VAR-IGYC-2021-001;179;;CON;Operation Services + Management Support;;
INGENIERIA GESTION Y CONTROL S.A.;96938860;VAR-IGYC-2021-001;179;;CON;Own Services PMO;;
INGENIERIA GESTION Y CONTROL S.A.;96938860;VAR-IGYC-2021-001;180;;CON;Own Services PMO;;
INGENIERIA GESTION Y CONTROL S.A.;96938860;VAR-IGYC-2021-001;180;;SERVICE ORDER;;;
INGENIERIA GESTION Y CONTROL S.A.;96938860;VAR-IGYC-2021-001;181;;SERVICE ORDER;;;
INGENIERIA GESTION Y CONTROL S.A.;96938860;VAR-IGYC-2021-001;182;;CON;Operation Services + Management Support;;
INGENIERIA GESTION Y CONTROL S.A.;96938860;VAR-IGYC-2021-001;182;;SERVICE ORDER;;;
INGENIERIA GESTION Y CONTROL S.A.;96938860;VAR-IGYC-2021-001;183;;CON;Own Services PMO;;
INGENIERIA GESTION Y CONTROL S.A.;96938860;VAR-IGYC-2021-001;183;;CON;Operation Services;;
INGENIERIA GESTION Y CONTROL S.A.;96938860;VAR-IGYC-2021-001;184;;CON;Own Services PMO;;
INGENIERIA GESTION Y CONTROL S.A.;96938860;VAR-IGYC-2021-001;184;;SERVICE ORDER;;;
INGENIERIA GESTION Y CONTROL S.A.;96938860;VAR-IGYC-2021-001;185;;SERVICE ORDER;;;
INGENIERIA GESTION Y CONTROL S.A.;96938860;VAR-IGYC-2021-001;186;;SERVICE ORDER;;;
INGENIERIA GESTION Y CONTROL S.A.;96938860;VAR-IGYC-2021-001;187;;SERVICE ORDER;;;
INGENIERIA GESTION Y CONTROL S.A.;96938860;VAR-IGYC-2021-001;188;;SERVICE ORDER;;;
INGENIERIA GESTION Y CONTROL S.A.;96938860;VAR-IGYC-2021-001;189;;SERVICE ORDER;;;
INGENIERIA GESTION Y CONTROL S.A.;96938860;VAR-IGYC-2021-001;190;;CON;Operation Services + Management Support;;
INGENIERIA GESTION Y CONTROL S.A.;96938860;VAR-IGYC-2021-001;190;;SERVICE ORDER;;;
INGENIERIA GESTION Y CONTROL S.A.;96938860;VAR-IGYC-2021-001;191;;CON;Own Services PMO;;
INGENIERIA GESTION Y CONTROL S.A.;96938860;VAR-IGYC-2021-001;191;;CON;Operation Services;;
INGENIERIA GESTION Y CONTROL S.A.;96938860;VAR-IGYC-2021-001;192;;CON;Operation Services + Management Support;;
INGENIERIA GESTION Y CONTROL S.A.;96938860;VAR-IGYC-2021-001;193;;CON;Own Services PMO;;
INGENIERIA GESTION Y CONTROL S.A.;96938860;VAR-IGYC-2021-001;193;;CON;Operation Services;;
INGENIERIA GESTION Y CONTROL S.A.;96938860;VAR-IGYC-2021-001;197;;CON;Operation Services + Management Support;;
INGENIERIA GESTION Y CONTROL S.A.;96938860;VAR-IGYC-2021-001;198;;CON;Own Services PMO;;
INGENIERIA GESTION Y CONTROL S.A.;96938860;VAR-IGYC-2021-001;199;;CON;Operation Services + Management Support;;
INGENIERIA GESTION Y CONTROL S.A.;96938860;VAR-IGYC-2021-001;199;;CON;Operation Services;;
INGENIERIA GESTION Y CONTROL S.A.;96938860;VAR-IGYC-2021-001;200;;CON;Own Services PMO;;
INGENIERIA GESTION Y CONTROL S.A.;96938860;VAR-IGYC-2021-001;201;;CON;Own Services PMO;;
INGENIERIA GESTION Y CONTROL S.A.;96938860;VAR-IGYC-2021-001;202;;SERVICE ORDER;;;
INGENIERIA GESTION Y CONTROL S.A.;96938860;VAR-IGYC-2021-001;203;;SERVICE ORDER;;;
INGENIERIA GESTION Y CONTROL S.A.;96938860;VAR-IGYC-2021-001;204;;SERVICE ORDER;;;
INGENIERIA GESTION Y CONTROL S.A.;96938860;VAR-IGYC-2021-001;205;;CON;Operation Services + Management Support;;
INGENIERIA GESTION Y CONTROL S.A.;96938860;VAR-IGYC-2021-001;205;;SERVICE ORDER;;;
INGENIERIA GESTION Y CONTROL S.A.;96938860;VAR-IGYC-2021-001;206;;CON;Own Services PMO;;
INGENIERIA GESTION Y CONTROL S.A.;96938860;VAR-IGYC-2021-001;206;;SERVICE ORDER;;;
INGENIERIA GESTION Y CONTROL S.A.;96938860;VAR-IGYC-2021-001;207;;CON;Operation Services + Management Support;;
INGENIERIA GESTION Y CONTROL S.A.;96938860;VAR-IGYC-2021-001;207;;SERVICE ORDER;;;
INGENIERIA GESTION Y CONTROL S.A.;96938860;VAR-IGYC-2021-001;208;;CON;Own Services PMO;;
INGENIERIA GESTION Y CONTROL S.A.;96938860;VAR-IGYC-2021-001;208;;CON;Operation Services;;
INGENIERIA GESTION Y CONTROL S.A.;96938860;VAR-IGYC-2021-001;209;;CON;Own Services PMO;;
INGENIERIA GESTION Y CONTROL S.A.;96938860;VAR-IGYC-2021-001;210;;SERVICE ORDER;;;
INGENIERIA GESTION Y CONTROL S.A.;96938860;VAR-IGYC-2021-001;212;;SERVICE ORDER;;;
INGENIERIA GESTION Y CONTROL S.A.;96938860;VAR-IGYC-2021-001;213;;SERVICE ORDER;;;
INGENIERIA GESTION Y CONTROL S.A.;96938860;VAR-IGYC-2021-001;214;;SERVICE ORDER;;;
INGENIERIA GESTION Y CONTROL S.A.;96938860;VAR-IGYC-2021-001;215;;SERVICE ORDER;;;
INGENIERIA GESTION Y CONTROL S.A.;96938860;VAR-IGYC-2021-001;216;;CON;Management Support;;
INGENIERIA GESTION Y CONTROL S.A.;96938860;VAR-IGYC-2021-001;219;;CON;Management Support;;
INGENIERIA GESTION Y CONTROL S.A.;96938860;VAR-IGYC-2021-001;220;;CON;Operation Services;;
INGENIERIA GESTION Y CONTROL S.A.;96938860;VAR-IGYC-2021-001;222;;CON;Own Services PMO;;
INGENIERIA GESTION Y CONTROL S.A.;96938860;VAR-IGYC-2021-001;223;;SERVICE ORDER;;;
INGENIERIA GESTION Y CONTROL S.A.;96938860;VAR-IGYC-2021-001;224;;SERVICE ORDER;;;
INGENIERIA GESTION Y CONTROL S.A.;96938860;VAR-IGYC-2021-001;225;;SERVICE ORDER;;;
INGENIERIA GESTION Y CONTROL S.A.;96938860;VAR-IGYC-2021-001;226;;SERVICE ORDER;;;
INGENIERIA GESTION Y CONTROL S.A.;96938860;VAR-IGYC-2021-001;227;;SERVICE ORDER;;;
INGENIERIA GESTION Y CONTROL S.A.;96938860;VAR-IGYC-2021-001;234;;CON;Operation Services;;
INGENIERIA GESTION Y CONTROL S.A.;96938860;VAR-IGYC-2021-001;235;;CON;Own Services PMO;;
INGENIERIA GESTION Y CONTROL S.A.;96938860;VAR-IGYC-2021-001;236;;SERVICE ORDER;;;
INGENIERIA GESTION Y CONTROL S.A.;96938860;VAR-IGYC-2021-001;237;;SERVICE ORDER;;;
INGENIERIA GESTION Y CONTROL S.A.;96938860;VAR-IGYC-2021-001;238;;SERVICE ORDER;;;
INGENIERIA GESTION Y CONTROL S.A.;96938860;VAR-IGYC-2021-001;239;;SERVICE ORDER;;;
INGENIERIA GESTION Y CONTROL S.A.;96938860;VAR-IGYC-2021-001;241;;CON;Management Support;;
INGENIERIA GESTION Y CONTROL S.A.;96938860;VAR-IGYC-2021-001;243;;CON;Management Support;;
INGENIERIA GESTION Y CONTROL S.A.;96938860;VAR-IGYC-2021-001;251;;CON;Management Support;;
INGENIERIA GESTION Y CONTROL S.A.;96938860;VAR-IGYC-2021-001;252;;CON;Management Support;;
INGENIERIA GESTION Y CONTROL S.A.;96938860;VAR-IGYC-2021-001;253;;CON;Operation Services;;
INGENIERIA GESTION Y CONTROL S.A.;96938860;VAR-IGYC-2021-001;254;;CON;Own Services PMO;;
INGENIERIA GESTION Y CONTROL S.A.;96938860;VAR-IGYC-2021-001;256;;SERVICE ORDER;;;
INGENIERIA GESTION Y CONTROL S.A.;96938860;VAR-IGYC-2021-001;257;;SERVICE ORDER;;;
INGENIERIA GESTION Y CONTROL S.A.;96938860;VAR-IGYC-2021-001;258;;SERVICE ORDER;;;
INGENIERIA GESTION Y CONTROL S.A.;96938860;VAR-IGYC-2021-001;259;;SERVICE ORDER;;;
INGENIERIA GESTION Y CONTROL S.A.;96938860;VAR-IGYC-2021-001;260;;SERVICE ORDER;;;
INGENIERIA GESTION Y CONTROL S.A.;96938860;VAR-IGYC-2021-001;261;;CON;Operation Services;;
INGENIERIA GESTION Y CONTROL S.A.;96938860;VAR-IGYC-2021-001;262;;CON;Own Services PMO;;
INGENIERIA GESTION Y CONTROL S.A.;96938860;VAR-IGYC-2021-001;263;;SERVICE ORDER;;;
INGENIERIA GESTION Y CONTROL S.A.;96938860;VAR-IGYC-2021-001;264;;SERVICE ORDER;;;
INGENIERIA GESTION Y CONTROL S.A.;96938860;VAR-IGYC-2021-001;265;;SERVICE ORDER;;;
INGENIERIA GESTION Y CONTROL S.A.;96938860;VAR-IGYC-2021-001;266;;SERVICE ORDER;;;
INGENIERIA GESTION Y CONTROL S.A.;96938860;VAR-IGYC-2021-001;267;;SERVICE ORDER;;;
INGENIERIA GESTION Y CONTROL S.A.;96938860;VAR-IGYC-2021-001;276;;CON;Operation Services;;
INGENIERIA GESTION Y CONTROL S.A.;96938860;VAR-IGYC-2021-001;278;;CON;Own Services PMO;;
INGENIERIA GESTION Y CONTROL S.A.;96938860;VAR-IGYC-2021-001;279;;SERVICE ORDER;;;
INGENIERIA GESTION Y CONTROL S.A.;96938860;VAR-IGYC-2021-001;280;;SERVICE ORDER;;;
INGENIERIA GESTION Y CONTROL S.A.;96938860;VAR-IGYC-2021-001;281;;SERVICE ORDER;;;
INGENIERIA GESTION Y CONTROL S.A.;96938860;VAR-IGYC-2021-001;282;;SERVICE ORDER;;;
INGENIERIA GESTION Y CONTROL S.A.;96938860;VAR-IGYC-2021-001;283;;SERVICE ORDER;;;
INGENIERIA GESTION Y CONTROL S.A.;96938860;VAR-IGYC-2021-001;284;;CON;Operation Services;;
INGENIERIA GESTION Y CONTROL S.A.;96938860;VAR-IGYC-2021-001;285;;CON;Own Services PMO;;
INGENIERIA GESTION Y CONTROL S.A.;96938860;VAR-IGYC-2021-001;286;;SERVICE ORDER;;;
INGENIERIA GESTION Y CONTROL S.A.;96938860;VAR-IGYC-2021-001;287;;SERVICE ORDER;;;
INGENIERIA GESTION Y CONTROL S.A.;96938860;VAR-IGYC-2021-001;288;;SERVICE ORDER;;;
INGENIERIA GESTION Y CONTROL S.A.;96938860;VAR-IGYC-2021-001;289;;SERVICE ORDER;;;
INGENIERIA GESTION Y CONTROL S.A.;96938860;VAR-IGYC-2021-001;290;;CON;Operation Services;;
INGENIERIA GESTION Y CONTROL S.A.;96938860;VAR-IGYC-2021-001;291;;CON;Own Services PMO;;
INGENIERIA GESTION Y CONTROL S.A.;96938860;VAR-IGYC-2021-001;292;;SERVICE ORDER;;;
INGENIERIA GESTION Y CONTROL S.A.;96938860;VAR-IGYC-2021-001;293;;SERVICE ORDER;;;
INGENIERIA GESTION Y CONTROL S.A.;96938860;VAR-IGYC-2021-001;294;;SERVICE ORDER;;;
INGENIERIA GESTION Y CONTROL S.A.;96938860;VAR-IGYC-2021-001;295;;SERVICE ORDER;;;
INGENIERIA GESTION Y CONTROL S.A.;96938860;VAR-IGYC-2021-001;298;;CON;Management Support;;
INGENIERIA GESTION Y CONTROL S.A.;96938860;VAR-IGYC-2021-001;301;;;;;
INGENIERIA GESTION Y CONTROL S.A.;96938860;VAR-IGYC-2021-001;328;;;;;
INGENIERIA GESTION Y CONTROL S.A.;96938860;VAR-IGYC-2021-001;329;;;;;
INGENIERIA GESTION Y CONTROL S.A.;96938860;VAR-IGYC-2021-001;313;;;;;
INGENIERIA GESTION Y CONTROL S.A.;96938860;VAR-IGYC-2021-001;315;;;;;
INGENIERIA GESTION Y CONTROL S.A.;96938860;VAR-IGYC-2021-001;316;;;;;
INGENIERIA GESTION Y CONTROL S.A.;96938860;VAR-IGYC-2021-001;318;;;;;
INGENIERIA GESTION Y CONTROL S.A.;96938860;VAR-IGYC-2021-001;319;;;;;
INGENIERIA GESTION Y CONTROL S.A.;96938860;VAR-IGYC-2021-001;320;;;;;
INGENIERIA GESTION Y CONTROL S.A.;96938860;VAR-IGYC-2021-001;322;;;;;
INGENIERIA GESTION Y CONTROL S.A.;96938860;VAR-IGYC-2021-001;324;;;;;
INGENIERIA GESTION Y CONTROL S.A.;96938860;VAR-IGYC-2021-001;325;;;;;
INGENIERIA GESTION Y CONTROL S.A.;96938860;VAR-IGYC-2021-001;326;;;;;
INGENIERIA GESTION Y CONTROL S.A.;96938860;VAR-IGYC-2021-001;157;;SERVICE ORDER;;;
INGENIERIA GESTION Y CONTROL S.A.;96938860;VAR-IGYC-2021-001;166;;CON;;;
INGENIERIA GESTION Y CONTROL S.A.;96938860;VAR-IGYC-2021-001;175;;CON;;;
INGENIERIA GESTION Y CONTROL S.A.;96938860;VAR-IGYC-2021-001;181;;CON;;;
